key,metric,fiscal_label,value,unit,status,period_start,period_end,formula,inputs,accession,locator,source_url,snapshot_id,reconciliation,statement_line,statement,statement_url,notes,restated_from
accounts_receivable@FY2021,accounts_receivable,FY2021,39304000000.0,USD,reported,,2021-12-31,,,0001652044-23-000016,us-gaap:AccountsReceivableNetCurrent,https://www.sec.gov/Archives/edgar/data/1652044/000165204423000016/0001652044-23-000016-index.htm,a017f26ee88cb4a6,matched,"Accounts receivable, net",CONSOLIDATED BALANCE SHEETS - USD ($) $ in Millions,https://www.sec.gov/Archives/edgar/data/1652044/000165204423000016/R3.htm,,
accounts_receivable@FY2022,accounts_receivable,FY2022,40258000000.0,USD,reported,,2022-12-31,,,0001652044-24-000022,us-gaap:AccountsReceivableNetCurrent,https://www.sec.gov/Archives/edgar/data/1652044/000165204424000022/goog-20231231.htm,a017f26ee88cb4a6,matched,"Accounts receivable, net",CONSOLIDATED BALANCE SHEETS - USD ($) $ in Millions,https://www.sec.gov/Archives/edgar/data/1652044/000165204424000022/R3.htm,,
accounts_receivable@FY2023,accounts_receivable,FY2023,47964000000.0,USD,reported,,2023-12-31,,,0001652044-25-000014,us-gaap:AccountsReceivableNetCurrent,https://www.sec.gov/Archives/edgar/data/1652044/000165204425000014/goog-20241231.htm,a017f26ee88cb4a6,matched,"Accounts receivable, net",CONSOLIDATED BALANCE SHEETS - USD ($) $ in Millions,https://www.sec.gov/Archives/edgar/data/1652044/000165204425000014/R3.htm,,
accounts_receivable@FY2024,accounts_receivable,FY2024,52340000000.0,USD,reported,,2024-12-31,,,0001652044-26-000018,us-gaap:AccountsReceivableNetCurrent,https://www.sec.gov/Archives/edgar/data/1652044/000165204426000018/goog-20251231.htm,a017f26ee88cb4a6,matched,"Accounts receivable, net",CONSOLIDATED BALANCE SHEETS - USD ($) $ in Millions,https://www.sec.gov/Archives/edgar/data/1652044/000165204426000018/R3.htm,,
accounts_receivable@FY2025,accounts_receivable,FY2025,62886000000.0,USD,reported,,2025-12-31,,,0001652044-26-000018,us-gaap:AccountsReceivableNetCurrent,https://www.sec.gov/Archives/edgar/data/1652044/000165204426000018/goog-20251231.htm,a017f26ee88cb4a6,matched,"Accounts receivable, net",CONSOLIDATED BALANCE SHEETS - USD ($) $ in Millions,https://www.sec.gov/Archives/edgar/data/1652044/000165204426000018/R3.htm,,
assets@FY2021,assets,FY2021,359268000000.0,USD,reported,,2021-12-31,,,0001652044-23-000016,us-gaap:Assets,https://www.sec.gov/Archives/edgar/data/1652044/000165204423000016/0001652044-23-000016-index.htm,a017f26ee88cb4a6,matched,Total assets,CONSOLIDATED BALANCE SHEETS - USD ($) $ in Millions,https://www.sec.gov/Archives/edgar/data/1652044/000165204423000016/R3.htm,,
assets@FY2022,assets,FY2022,365264000000.0,USD,reported,,2022-12-31,,,0001652044-24-000022,us-gaap:Assets,https://www.sec.gov/Archives/edgar/data/1652044/000165204424000022/goog-20231231.htm,a017f26ee88cb4a6,matched,Total assets,CONSOLIDATED BALANCE SHEETS - USD ($) $ in Millions,https://www.sec.gov/Archives/edgar/data/1652044/000165204424000022/R3.htm,,
assets@FY2023,assets,FY2023,402392000000.0,USD,reported,,2023-12-31,,,0001652044-25-000014,us-gaap:Assets,https://www.sec.gov/Archives/edgar/data/1652044/000165204425000014/goog-20241231.htm,a017f26ee88cb4a6,matched,Total assets,CONSOLIDATED BALANCE SHEETS - USD ($) $ in Millions,https://www.sec.gov/Archives/edgar/data/1652044/000165204425000014/R3.htm,,
assets@FY2024,assets,FY2024,450256000000.0,USD,reported,,2024-12-31,,,0001652044-26-000018,us-gaap:Assets,https://www.sec.gov/Archives/edgar/data/1652044/000165204426000018/goog-20251231.htm,a017f26ee88cb4a6,matched,Total assets,CONSOLIDATED BALANCE SHEETS - USD ($) $ in Millions,https://www.sec.gov/Archives/edgar/data/1652044/000165204426000018/R3.htm,,
assets@FY2025,assets,FY2025,595281000000.0,USD,reported,,2025-12-31,,,0001652044-26-000018,us-gaap:Assets,https://www.sec.gov/Archives/edgar/data/1652044/000165204426000018/goog-20251231.htm,a017f26ee88cb4a6,matched,Total assets,CONSOLIDATED BALANCE SHEETS - USD ($) $ in Millions,https://www.sec.gov/Archives/edgar/data/1652044/000165204426000018/R3.htm,,
buybacks@FY2021,buybacks,FY2021,50274000000.0,USD,reported,2021-01-01,2021-12-31,,,0001652044-24-000022,us-gaap:PaymentsForRepurchaseOfCommonStock,https://www.sec.gov/Archives/edgar/data/1652044/000165204424000022/goog-20231231.htm,a017f26ee88cb4a6,matched-negated,Repurchases of stock,CONSOLIDATED STATEMENTS OF CASH FLOWS - USD ($) $ in Millions,https://www.sec.gov/Archives/edgar/data/1652044/000165204424000022/R9.htm,,
buybacks@FY2022,buybacks,FY2022,59296000000.0,USD,reported,2022-01-01,2022-12-31,,,0001652044-25-000014,us-gaap:PaymentsForRepurchaseOfCommonStock,https://www.sec.gov/Archives/edgar/data/1652044/000165204425000014/goog-20241231.htm,a017f26ee88cb4a6,matched-negated,Repurchases of stock,CONSOLIDATED STATEMENTS OF CASH FLOWS - USD ($) $ in Millions,https://www.sec.gov/Archives/edgar/data/1652044/000165204425000014/R9.htm,,
buybacks@FY2023,buybacks,FY2023,61504000000.0,USD,reported,2023-01-01,2023-12-31,,,0001652044-26-000018,us-gaap:PaymentsForRepurchaseOfCommonStock,https://www.sec.gov/Archives/edgar/data/1652044/000165204426000018/goog-20251231.htm,a017f26ee88cb4a6,matched-negated,Repurchases of stock,CONSOLIDATED STATEMENTS OF CASH FLOWS - USD ($) $ in Millions,https://www.sec.gov/Archives/edgar/data/1652044/000165204426000018/R10.htm,,
buybacks@FY2024,buybacks,FY2024,62222000000.0,USD,reported,2024-01-01,2024-12-31,,,0001652044-26-000018,us-gaap:PaymentsForRepurchaseOfCommonStock,https://www.sec.gov/Archives/edgar/data/1652044/000165204426000018/goog-20251231.htm,a017f26ee88cb4a6,matched-negated,Repurchases of stock,CONSOLIDATED STATEMENTS OF CASH FLOWS - USD ($) $ in Millions,https://www.sec.gov/Archives/edgar/data/1652044/000165204426000018/R10.htm,,
buybacks@FY2025,buybacks,FY2025,45709000000.0,USD,reported,2025-01-01,2025-12-31,,,0001652044-26-000018,us-gaap:PaymentsForRepurchaseOfCommonStock,https://www.sec.gov/Archives/edgar/data/1652044/000165204426000018/goog-20251231.htm,a017f26ee88cb4a6,matched-negated,Repurchases of stock,CONSOLIDATED STATEMENTS OF CASH FLOWS - USD ($) $ in Millions,https://www.sec.gov/Archives/edgar/data/1652044/000165204426000018/R10.htm,,
capex@FY2021,capex,FY2021,24640000000.0,USD,reported,2021-01-01,2021-12-31,,,0001652044-24-000022,us-gaap:PaymentsToAcquirePropertyPlantAndEquipment,https://www.sec.gov/Archives/edgar/data/1652044/000165204424000022/goog-20231231.htm,a017f26ee88cb4a6,matched-negated,Purchases of property and equipment,CONSOLIDATED STATEMENTS OF CASH FLOWS - USD ($) $ in Millions,https://www.sec.gov/Archives/edgar/data/1652044/000165204424000022/R9.htm,,
capex@FY2022,capex,FY2022,31485000000.0,USD,reported,2022-01-01,2022-12-31,,,0001652044-25-000014,us-gaap:PaymentsToAcquirePropertyPlantAndEquipment,https://www.sec.gov/Archives/edgar/data/1652044/000165204425000014/goog-20241231.htm,a017f26ee88cb4a6,matched-negated,Purchases of property and equipment,CONSOLIDATED STATEMENTS OF CASH FLOWS - USD ($) $ in Millions,https://www.sec.gov/Archives/edgar/data/1652044/000165204425000014/R9.htm,,
capex@FY2023,capex,FY2023,32251000000.0,USD,reported,2023-01-01,2023-12-31,,,0001652044-26-000018,us-gaap:PaymentsToAcquirePropertyPlantAndEquipment,https://www.sec.gov/Archives/edgar/data/1652044/000165204426000018/goog-20251231.htm,a017f26ee88cb4a6,matched-negated,Purchases of property and equipment,CONSOLIDATED STATEMENTS OF CASH FLOWS - USD ($) $ in Millions,https://www.sec.gov/Archives/edgar/data/1652044/000165204426000018/R10.htm,,
capex@FY2024,capex,FY2024,52535000000.0,USD,reported,2024-01-01,2024-12-31,,,0001652044-26-000018,us-gaap:PaymentsToAcquirePropertyPlantAndEquipment,https://www.sec.gov/Archives/edgar/data/1652044/000165204426000018/goog-20251231.htm,a017f26ee88cb4a6,matched-negated,Purchases of property and equipment,CONSOLIDATED STATEMENTS OF CASH FLOWS - USD ($) $ in Millions,https://www.sec.gov/Archives/edgar/data/1652044/000165204426000018/R10.htm,,
capex@FY2025,capex,FY2025,91447000000.0,USD,reported,2025-01-01,2025-12-31,,,0001652044-26-000018,us-gaap:PaymentsToAcquirePropertyPlantAndEquipment,https://www.sec.gov/Archives/edgar/data/1652044/000165204426000018/goog-20251231.htm,a017f26ee88cb4a6,matched-negated,Purchases of property and equipment,CONSOLIDATED STATEMENTS OF CASH FLOWS - USD ($) $ in Millions,https://www.sec.gov/Archives/edgar/data/1652044/000165204426000018/R10.htm,,
capex_intensity@FY2021,capex_intensity,FY2021,0.09563843702573777,pure,derived,2021-01-01,2021-12-31,capex / revenue,capex@FY2021;revenue@FY2021,,,,,,,,,,
capex_intensity@FY2022,capex_intensity,FY2022,0.11131892686928113,pure,derived,2022-01-01,2022-12-31,capex / revenue,capex@FY2022;revenue@FY2022,,,,,,,,,,
capex_intensity@FY2023,capex_intensity,FY2023,0.10491746748472644,pure,derived,2023-01-01,2023-12-31,capex / revenue,capex@FY2023;revenue@FY2023,,,,,,,,,,
capex_intensity@FY2024,capex_intensity,FY2024,0.15009228096840735,pure,derived,2024-01-01,2024-12-31,capex / revenue,capex@FY2024;revenue@FY2024,,,,,,,,,,
capex_intensity@FY2025,capex_intensity,FY2025,0.22700801318650765,pure,derived,2025-01-01,2025-12-31,capex / revenue,capex@FY2025;revenue@FY2025,,,,,,,,,,
capex_to_depreciation@FY2021,capex_to_depreciation,FY2021,2.3985203932638957,pure,derived,2021-01-01,2021-12-31,capex / dna,capex@FY2021;dna@FY2021,,,,,,,,,,
capex_to_depreciation@FY2022,capex_to_depreciation,FY2022,2.336549165120594,pure,derived,2022-01-01,2022-12-31,capex / dna,capex@FY2022;dna@FY2022,,,,,,,,,,
capex_to_depreciation@FY2023,capex_to_depreciation,FY2023,2.6997321279089235,pure,derived,2023-01-01,2023-12-31,capex / dna,capex@FY2023;dna@FY2023,,,,,,,,,,
capex_to_depreciation@FY2024,capex_to_depreciation,FY2024,3.431193259747894,pure,derived,2024-01-01,2024-12-31,capex / dna,capex@FY2024;dna@FY2024,,,,,,,,,,
capex_to_depreciation@FY2025,capex_to_depreciation,FY2025,4.326599167297502,pure,derived,2025-01-01,2025-12-31,capex / dna,capex@FY2025;dna@FY2025,,,,,,,,,,
cash@FY2021,cash,FY2021,20945000000.0,USD,reported,,2021-12-31,,,0001652044-23-000016,us-gaap:CashAndCashEquivalentsAtCarryingValue,https://www.sec.gov/Archives/edgar/data/1652044/000165204423000016/0001652044-23-000016-index.htm,a017f26ee88cb4a6,matched,Cash and cash equivalents,CONSOLIDATED BALANCE SHEETS - USD ($) $ in Millions,https://www.sec.gov/Archives/edgar/data/1652044/000165204423000016/R3.htm,,
cash@FY2022,cash,FY2022,21879000000.0,USD,reported,,2022-12-31,,,0001652044-24-000022,us-gaap:CashAndCashEquivalentsAtCarryingValue,https://www.sec.gov/Archives/edgar/data/1652044/000165204424000022/goog-20231231.htm,a017f26ee88cb4a6,matched,Cash and cash equivalents,CONSOLIDATED BALANCE SHEETS - USD ($) $ in Millions,https://www.sec.gov/Archives/edgar/data/1652044/000165204424000022/R3.htm,,
cash@FY2023,cash,FY2023,24048000000.0,USD,reported,,2023-12-31,,,0001652044-25-000014,us-gaap:CashAndCashEquivalentsAtCarryingValue,https://www.sec.gov/Archives/edgar/data/1652044/000165204425000014/goog-20241231.htm,a017f26ee88cb4a6,matched,Cash and cash equivalents,CONSOLIDATED BALANCE SHEETS - USD ($) $ in Millions,https://www.sec.gov/Archives/edgar/data/1652044/000165204425000014/R3.htm,,
cash@FY2024,cash,FY2024,23466000000.0,USD,reported,,2024-12-31,,,0001652044-26-000018,us-gaap:CashAndCashEquivalentsAtCarryingValue,https://www.sec.gov/Archives/edgar/data/1652044/000165204426000018/goog-20251231.htm,a017f26ee88cb4a6,matched,Cash and cash equivalents,CONSOLIDATED BALANCE SHEETS - USD ($) $ in Millions,https://www.sec.gov/Archives/edgar/data/1652044/000165204426000018/R3.htm,,
cash@FY2025,cash,FY2025,30708000000.0,USD,reported,,2025-12-31,,,0001652044-26-000018,us-gaap:CashAndCashEquivalentsAtCarryingValue,https://www.sec.gov/Archives/edgar/data/1652044/000165204426000018/goog-20251231.htm,a017f26ee88cb4a6,matched,Cash and cash equivalents,CONSOLIDATED BALANCE SHEETS - USD ($) $ in Millions,https://www.sec.gov/Archives/edgar/data/1652044/000165204426000018/R3.htm,,
cash_conversion@FY2021,cash_conversion,FY2021,1.2054239606486656,pure,derived,2021-01-01,2021-12-31,cfo / net_income,cfo@FY2021;net_income@FY2021,,,,,,,,,,
cash_conversion@FY2022,cash_conversion,FY2022,1.5256286266924566,pure,derived,2022-01-01,2022-12-31,cfo / net_income,cfo@FY2022;net_income@FY2022,,,,,,,,,,
cash_conversion@FY2023,cash_conversion,FY2023,1.3787654990175486,pure,derived,2023-01-01,2023-12-31,cfo / net_income,cfo@FY2023;net_income@FY2023,,,,,,,,,,
cash_conversion@FY2024,cash_conversion,FY2024,1.2515132144069998,pure,derived,2024-01-01,2024-12-31,cfo / net_income,cfo@FY2024;net_income@FY2024,,,,,,,,,,
cash_conversion@FY2025,cash_conversion,FY2025,1.2462207762729818,pure,derived,2025-01-01,2025-12-31,cfo / net_income,cfo@FY2025;net_income@FY2025,,,,,,,,,,
cash_taxes@FY2021,cash_taxes,FY2021,13412000000.0,USD,reported,2021-01-01,2021-12-31,,,0001652044-24-000022,us-gaap:IncomeTaxesPaidNet,https://www.sec.gov/Archives/edgar/data/1652044/000165204424000022/goog-20231231.htm,a017f26ee88cb4a6,matched,"Cash paid for income taxes, net of refunds",CONSOLIDATED STATEMENTS OF CASH FLOWS - USD ($) $ in Millions,https://www.sec.gov/Archives/edgar/data/1652044/000165204424000022/R9.htm,,
cash_taxes@FY2022,cash_taxes,FY2022,18892000000.0,USD,reported,2022-01-01,2022-12-31,,,0001652044-24-000022,us-gaap:IncomeTaxesPaidNet,https://www.sec.gov/Archives/edgar/data/1652044/000165204424000022/goog-20231231.htm,a017f26ee88cb4a6,matched,"Cash paid for income taxes, net of refunds",CONSOLIDATED STATEMENTS OF CASH FLOWS - USD ($) $ in Millions,https://www.sec.gov/Archives/edgar/data/1652044/000165204424000022/R9.htm,Kept the precise value from 0001652044-24-000022; a later filing states it rounded,0001652044-23-000016: 1.8892e+10 (precision difference: one disclosure is rounded); 0001652044-25-000014: 1.89e+10 (precision difference: later disclosure is rounded)
cash_taxes@FY2023,cash_taxes,FY2023,19164000000.0,USD,reported,2023-01-01,2023-12-31,,,0001652044-26-000018,us-gaap:IncomeTaxesPaidNet,https://www.sec.gov/Archives/edgar/data/1652044/000165204426000018/goog-20251231.htm,a017f26ee88cb4a6,matched,"Cash paid for income taxes, net of refunds",CONSOLIDATED STATEMENTS OF CASH FLOWS - USD ($) $ in Millions,https://www.sec.gov/Archives/edgar/data/1652044/000165204424000022/R9.htm,,0001652044-25-000014: 1.92e+10 (precision difference: one disclosure is rounded)
cash_taxes@FY2024,cash_taxes,FY2024,27353000000.0,USD,reported,2024-01-01,2024-12-31,,,0001652044-26-000018,us-gaap:IncomeTaxesPaidNet,https://www.sec.gov/Archives/edgar/data/1652044/000165204426000018/goog-20251231.htm,a017f26ee88cb4a6,matched-in-notes,"Total cash paid for income taxes, net of refunds",Income Taxes - Cash Paid for Income Taxes (Details) - USD ($) $ in Millions,https://www.sec.gov/Archives/edgar/data/1652044/000165204426000018/R88.htm,,0001652044-25-000014: 2.74e+10 (precision difference: one disclosure is rounded)
cash_taxes@FY2025,cash_taxes,FY2025,21526000000.0,USD,reported,2025-01-01,2025-12-31,,,0001652044-26-000018,us-gaap:IncomeTaxesPaidNet,https://www.sec.gov/Archives/edgar/data/1652044/000165204426000018/goog-20251231.htm,a017f26ee88cb4a6,matched-in-notes,"Total cash paid for income taxes, net of refunds",Income Taxes - Cash Paid for Income Taxes (Details) - USD ($) $ in Millions,https://www.sec.gov/Archives/edgar/data/1652044/000165204426000018/R88.htm,,
cfo@FY2021,cfo,FY2021,91652000000.0,USD,reported,2021-01-01,2021-12-31,,,0001652044-24-000022,us-gaap:NetCashProvidedByUsedInOperatingActivities,https://www.sec.gov/Archives/edgar/data/1652044/000165204424000022/goog-20231231.htm,a017f26ee88cb4a6,matched,Net cash provided by operating activities,CONSOLIDATED STATEMENTS OF CASH FLOWS - USD ($) $ in Millions,https://www.sec.gov/Archives/edgar/data/1652044/000165204424000022/R9.htm,,
cfo@FY2022,cfo,FY2022,91495000000.0,USD,reported,2022-01-01,2022-12-31,,,0001652044-25-000014,us-gaap:NetCashProvidedByUsedInOperatingActivities,https://www.sec.gov/Archives/edgar/data/1652044/000165204425000014/goog-20241231.htm,a017f26ee88cb4a6,matched,Net cash provided by operating activities,CONSOLIDATED STATEMENTS OF CASH FLOWS - USD ($) $ in Millions,https://www.sec.gov/Archives/edgar/data/1652044/000165204425000014/R9.htm,,
cfo@FY2023,cfo,FY2023,101746000000.0,USD,reported,2023-01-01,2023-12-31,,,0001652044-26-000018,us-gaap:NetCashProvidedByUsedInOperatingActivities,https://www.sec.gov/Archives/edgar/data/1652044/000165204426000018/goog-20251231.htm,a017f26ee88cb4a6,matched,Net cash provided by operating activities,CONSOLIDATED STATEMENTS OF CASH FLOWS - USD ($) $ in Millions,https://www.sec.gov/Archives/edgar/data/1652044/000165204426000018/R10.htm,,
cfo@FY2024,cfo,FY2024,125299000000.0,USD,reported,2024-01-01,2024-12-31,,,0001652044-26-000018,us-gaap:NetCashProvidedByUsedInOperatingActivities,https://www.sec.gov/Archives/edgar/data/1652044/000165204426000018/goog-20251231.htm,a017f26ee88cb4a6,matched,Net cash provided by operating activities,CONSOLIDATED STATEMENTS OF CASH FLOWS - USD ($) $ in Millions,https://www.sec.gov/Archives/edgar/data/1652044/000165204426000018/R10.htm,,
cfo@FY2025,cfo,FY2025,164713000000.0,USD,reported,2025-01-01,2025-12-31,,,0001652044-26-000018,us-gaap:NetCashProvidedByUsedInOperatingActivities,https://www.sec.gov/Archives/edgar/data/1652044/000165204426000018/goog-20251231.htm,a017f26ee88cb4a6,matched,Net cash provided by operating activities,CONSOLIDATED STATEMENTS OF CASH FLOWS - USD ($) $ in Millions,https://www.sec.gov/Archives/edgar/data/1652044/000165204426000018/R10.htm,,
commercial_paper@FY2021,commercial_paper,FY2021,0.0,USD,reported,,2021-12-31,,,0001652044-23-000016,us-gaap:CommercialPaper,https://www.sec.gov/Archives/edgar/data/1652044/000165204423000016/0001652044-23-000016-index.htm,a017f26ee88cb4a6,matched-in-notes,Commercial paper outstanding,Debt - Narrative (Details) - USD ($),https://www.sec.gov/Archives/edgar/data/1652044/000165204423000016/R61.htm,,
commercial_paper@FY2022,commercial_paper,FY2022,0.0,USD,reported,,2022-12-31,,,0001652044-24-000022,us-gaap:CommercialPaper,https://www.sec.gov/Archives/edgar/data/1652044/000165204424000022/goog-20231231.htm,a017f26ee88cb4a6,matched-in-notes,Commercial paper outstanding,Debt - Narrative (Details) - USD ($),https://www.sec.gov/Archives/edgar/data/1652044/000165204424000022/R63.htm,,
commercial_paper@FY2023,commercial_paper,FY2023,0.0,USD,reported,,2023-12-31,,,0001652044-25-000014,us-gaap:CommercialPaper,https://www.sec.gov/Archives/edgar/data/1652044/000165204425000014/goog-20241231.htm,a017f26ee88cb4a6,matched-in-notes,Commercial paper outstanding,Debt - Narrative (Details) - USD ($),https://www.sec.gov/Archives/edgar/data/1652044/000165204425000014/R66.htm,,
commercial_paper@FY2024,commercial_paper,FY2024,2300000000.0,USD,reported,,2024-12-31,,,0001652044-26-000018,us-gaap:CommercialPaper,https://www.sec.gov/Archives/edgar/data/1652044/000165204426000018/goog-20251231.htm,a017f26ee88cb4a6,from-notes,,,,,
commercial_paper@FY2025,commercial_paper,FY2025,0.0,USD,reported,,2025-12-31,,,0001652044-26-000018,us-gaap:CommercialPaper,https://www.sec.gov/Archives/edgar/data/1652044/000165204426000018/goog-20251231.htm,a017f26ee88cb4a6,from-notes,,,,,
cost_of_revenue@FY2021,cost_of_revenue,FY2021,110939000000.0,USD,reported,2021-01-01,2021-12-31,,,0001652044-24-000022,us-gaap:CostOfRevenue,https://www.sec.gov/Archives/edgar/data/1652044/000165204424000022/goog-20231231.htm,a017f26ee88cb4a6,matched,Cost of revenues,CONSOLIDATED STATEMENTS OF INCOME - USD ($) $ in Millions,https://www.sec.gov/Archives/edgar/data/1652044/000165204424000022/R5.htm,,
cost_of_revenue@FY2022,cost_of_revenue,FY2022,126203000000.0,USD,reported,2022-01-01,2022-12-31,,,0001652044-25-000014,us-gaap:CostOfRevenue,https://www.sec.gov/Archives/edgar/data/1652044/000165204425000014/goog-20241231.htm,a017f26ee88cb4a6,matched,Cost of revenues,CONSOLIDATED STATEMENTS OF INCOME - USD ($) $ in Millions,https://www.sec.gov/Archives/edgar/data/1652044/000165204425000014/R5.htm,,
cost_of_revenue@FY2023,cost_of_revenue,FY2023,133332000000.0,USD,reported,2023-01-01,2023-12-31,,,0001652044-26-000018,us-gaap:CostOfRevenue,https://www.sec.gov/Archives/edgar/data/1652044/000165204426000018/goog-20251231.htm,a017f26ee88cb4a6,matched,Cost of revenues,CONSOLIDATED STATEMENTS OF INCOME - USD ($) $ in Millions,https://www.sec.gov/Archives/edgar/data/1652044/000165204426000018/R5.htm,,
cost_of_revenue@FY2024,cost_of_revenue,FY2024,146306000000.0,USD,reported,2024-01-01,2024-12-31,,,0001652044-26-000018,us-gaap:CostOfRevenue,https://www.sec.gov/Archives/edgar/data/1652044/000165204426000018/goog-20251231.htm,a017f26ee88cb4a6,matched,Cost of revenues,CONSOLIDATED STATEMENTS OF INCOME - USD ($) $ in Millions,https://www.sec.gov/Archives/edgar/data/1652044/000165204426000018/R5.htm,,
cost_of_revenue@FY2025,cost_of_revenue,FY2025,162535000000.0,USD,reported,2025-01-01,2025-12-31,,,0001652044-26-000018,us-gaap:CostOfRevenue,https://www.sec.gov/Archives/edgar/data/1652044/000165204426000018/goog-20251231.htm,a017f26ee88cb4a6,matched,Cost of revenues,CONSOLIDATED STATEMENTS OF INCOME - USD ($) $ in Millions,https://www.sec.gov/Archives/edgar/data/1652044/000165204426000018/R5.htm,,
debt_and_finance_lease_noncurrent@FY2021,debt_and_finance_lease_noncurrent,FY2021,14817000000.0,USD,reported,,2021-12-31,,,0001652044-23-000016,us-gaap:LongTermDebtAndCapitalLeaseObligations,https://www.sec.gov/Archives/edgar/data/1652044/000165204423000016/0001652044-23-000016-index.htm,a017f26ee88cb4a6,matched,Long-term debt,CONSOLIDATED BALANCE SHEETS - USD ($) $ in Millions,https://www.sec.gov/Archives/edgar/data/1652044/000165204423000016/R3.htm,,
debt_and_finance_lease_noncurrent@FY2022,debt_and_finance_lease_noncurrent,FY2022,14701000000.0,USD,reported,,2022-12-31,,,0001652044-24-000022,us-gaap:LongTermDebtAndCapitalLeaseObligations,https://www.sec.gov/Archives/edgar/data/1652044/000165204424000022/goog-20231231.htm,a017f26ee88cb4a6,matched,Long-term debt,CONSOLIDATED BALANCE SHEETS - USD ($) $ in Millions,https://www.sec.gov/Archives/edgar/data/1652044/000165204424000022/R3.htm,,
debt_and_finance_lease_noncurrent@FY2023,debt_and_finance_lease_noncurrent,FY2023,11870000000.0,USD,reported,,2023-12-31,,,0001652044-25-000014,us-gaap:LongTermDebtAndCapitalLeaseObligations,https://www.sec.gov/Archives/edgar/data/1652044/000165204425000014/goog-20241231.htm,a017f26ee88cb4a6,matched,Long-term debt,CONSOLIDATED BALANCE SHEETS - USD ($) $ in Millions,https://www.sec.gov/Archives/edgar/data/1652044/000165204425000014/R3.htm,,0001652044-24-000022: 1.3253e+10 (unexplained)
debt_and_finance_lease_noncurrent@FY2024,debt_and_finance_lease_noncurrent,FY2024,10883000000.0,USD,reported,,2024-12-31,,,0001652044-25-000014,us-gaap:LongTermDebtAndCapitalLeaseObligations,https://www.sec.gov/Archives/edgar/data/1652044/000165204425000014/goog-20241231.htm,a017f26ee88cb4a6,matched,Long-term debt,CONSOLIDATED BALANCE SHEETS - USD ($) $ in Millions,https://www.sec.gov/Archives/edgar/data/1652044/000165204425000014/R3.htm,,
debt_and_finance_lease_noncurrent@FY2025,debt_and_finance_lease_noncurrent,FY2025,,USD,missing,,2025-12-31,,,,,,,not-checked,,,,No annual 10-K observation under LongTermDebtAndCapitalLeaseObligations,
debt_lt_current@FY2021,debt_lt_current,FY2021,0.0,USD,reported,,2021-12-31,,,0001652044-22-000019,us-gaap:LongTermDebtCurrent,https://www.sec.gov/Archives/edgar/data/1652044/000165204422000019/0001652044-22-000019-index.htm,a017f26ee88cb4a6,matched-in-notes,Less: Current portion of Notes,Debt (Long-Term Debt) (Details) - USD ($) $ in Millions,https://www.sec.gov/Archives/edgar/data/1652044/000165204422000019/R59.htm,,
debt_lt_current@FY2022,debt_lt_current,FY2022,0.0,USD,reported,,2022-12-31,,,0001652044-24-000022,us-gaap:LongTermDebtCurrent,https://www.sec.gov/Archives/edgar/data/1652044/000165204424000022/goog-20231231.htm,a017f26ee88cb4a6,matched-in-notes,Less: Current portion of long-term notes,Debt - Long-Term Debt (Details) - USD ($) $ in Millions,https://www.sec.gov/Archives/edgar/data/1652044/000165204424000022/R64.htm,,
debt_lt_current@FY2023,debt_lt_current,FY2023,1000000000.0,USD,reported,,2023-12-31,,,0001652044-25-000014,us-gaap:LongTermDebtCurrent,https://www.sec.gov/Archives/edgar/data/1652044/000165204425000014/goog-20241231.htm,a017f26ee88cb4a6,matched-in-notes,Less: Current portion of long-term notes,Debt - Long-Term Debt (Details) - USD ($) $ in Millions,https://www.sec.gov/Archives/edgar/data/1652044/000165204425000014/R67.htm,,
debt_lt_current@FY2024,debt_lt_current,FY2024,999000000.0,USD,reported,,2024-12-31,,,0001652044-26-000018,us-gaap:LongTermDebtCurrent,https://www.sec.gov/Archives/edgar/data/1652044/000165204426000018/goog-20251231.htm,a017f26ee88cb4a6,matched-in-notes,Less: Current portion of long-term notes,Debt - Long-Term Debt (Details) - USD ($) $ in Millions,https://www.sec.gov/Archives/edgar/data/1652044/000165204426000018/R67.htm,,
debt_lt_current@FY2025,debt_lt_current,FY2025,1996000000.0,USD,reported,,2025-12-31,,,0001652044-26-000018,us-gaap:LongTermDebtCurrent,https://www.sec.gov/Archives/edgar/data/1652044/000165204426000018/goog-20251231.htm,a017f26ee88cb4a6,from-notes,,,,,
debt_lt_noncurrent@FY2021,debt_lt_noncurrent,FY2021,,USD,missing,,2021-12-31,,,,,,,not-checked,,,,No annual 10-K observation under LongTermDebtNoncurrent,
debt_lt_noncurrent@FY2022,debt_lt_noncurrent,FY2022,,USD,missing,,2022-12-31,,,,,,,not-checked,,,,No annual 10-K observation under LongTermDebtNoncurrent,
debt_lt_noncurrent@FY2023,debt_lt_noncurrent,FY2023,11870000000.0,USD,reported,,2023-12-31,,,0001652044-25-000014,us-gaap:LongTermDebtNoncurrent,https://www.sec.gov/Archives/edgar/data/1652044/000165204425000014/goog-20241231.htm,a017f26ee88cb4a6,matched-in-notes,Total long-term debt,Debt - Long-Term Debt (Details) - USD ($) $ in Millions,https://www.sec.gov/Archives/edgar/data/1652044/000165204425000014/R67.htm,,
debt_lt_noncurrent@FY2024,debt_lt_noncurrent,FY2024,10883000000.0,USD,reported,,2024-12-31,,,0001652044-26-000018,us-gaap:LongTermDebtNoncurrent,https://www.sec.gov/Archives/edgar/data/1652044/000165204426000018/goog-20251231.htm,a017f26ee88cb4a6,matched,Long-term debt,CONSOLIDATED BALANCE SHEETS - USD ($) $ in Millions,https://www.sec.gov/Archives/edgar/data/1652044/000165204426000018/R3.htm,,
debt_lt_noncurrent@FY2025,debt_lt_noncurrent,FY2025,46547000000.0,USD,reported,,2025-12-31,,,0001652044-26-000018,us-gaap:LongTermDebtNoncurrent,https://www.sec.gov/Archives/edgar/data/1652044/000165204426000018/goog-20251231.htm,a017f26ee88cb4a6,matched,Long-term debt,CONSOLIDATED BALANCE SHEETS - USD ($) $ in Millions,https://www.sec.gov/Archives/edgar/data/1652044/000165204426000018/R3.htm,,
diluted_share_change@FY2021,diluted_share_change,FY2021,,pure,missing,,2021-12-31,shares_diluted / prior shares_diluted - 1,,,,,,,,,,Suppressed: FY2020 is not in the loaded window,
diluted_share_change@FY2022,diluted_share_change,FY2022,,pure,missing,2022-01-01,2022-12-31,shares_diluted / prior shares_diluted - 1,shares_diluted@FY2022;shares_diluted@FY2021,,,,,,,,,Blocked: input shares_diluted@FY2021 is missing or unresolved,
diluted_share_change@FY2023,diluted_share_change,FY2023,-0.03320921042632419,pure,derived,2023-01-01,2023-12-31,shares_diluted / prior shares_diluted - 1,shares_diluted@FY2023;shares_diluted@FY2022,,,,,,,,,,
diluted_share_change@FY2024,diluted_share_change,FY2024,-0.02161609809778342,pure,derived,2024-01-01,2024-12-31,shares_diluted / prior shares_diluted - 1,shares_diluted@FY2024;shares_diluted@FY2023,,,,,,,,,,
diluted_share_change@FY2025,diluted_share_change,FY2025,-0.017433919820036947,pure,derived,2025-01-01,2025-12-31,shares_diluted / prior shares_diluted - 1,shares_diluted@FY2025;shares_diluted@FY2024,,,,,,,,,,
dividends@FY2021,dividends,FY2021,0.0,USD,derived,,2021-12-31,0: not presented (no XBRL fact; no line matching the mapped tags or /(?i)dividend payments|dividends paid/ in 0001652044-22-000019),,0001652044-22-000019,absent from CONSOLIDATED STATEMENTS OF INCOME and note details,https://www.sec.gov/Archives/edgar/data/1652044/000165204422000019/R5.htm,33af2ecc4969a7ca,not-checked,,,,"No annual 10-K observation under PaymentsOfDividends, PaymentsOfDividendsCommonStock | Alphabet paid its first dividend in June 2024 (10-K FY2024); no FY2021 dividend line.",
dividends@FY2022,dividends,FY2022,0.0,USD,reported,2022-01-01,2022-12-31,,,0001652044-25-000014,us-gaap:PaymentsOfDividends,https://www.sec.gov/Archives/edgar/data/1652044/000165204425000014/goog-20241231.htm,a017f26ee88cb4a6,matched,Dividend payments,CONSOLIDATED STATEMENTS OF CASH FLOWS - USD ($) $ in Millions,https://www.sec.gov/Archives/edgar/data/1652044/000165204425000014/R9.htm,,
dividends@FY2023,dividends,FY2023,0.0,USD,reported,2023-01-01,2023-12-31,,,0001652044-26-000018,us-gaap:PaymentsOfDividends,https://www.sec.gov/Archives/edgar/data/1652044/000165204426000018/goog-20251231.htm,a017f26ee88cb4a6,matched,Dividend payments,CONSOLIDATED STATEMENTS OF CASH FLOWS - USD ($) $ in Millions,https://www.sec.gov/Archives/edgar/data/1652044/000165204426000018/R10.htm,,
dividends@FY2024,dividends,FY2024,7363000000.0,USD,reported,2024-01-01,2024-12-31,,,0001652044-26-000018,us-gaap:PaymentsOfDividends,https://www.sec.gov/Archives/edgar/data/1652044/000165204426000018/goog-20251231.htm,a017f26ee88cb4a6,matched-negated,Dividend payments,CONSOLIDATED STATEMENTS OF CASH FLOWS - USD ($) $ in Millions,https://www.sec.gov/Archives/edgar/data/1652044/000165204426000018/R10.htm,,
dividends@FY2025,dividends,FY2025,10049000000.0,USD,reported,2025-01-01,2025-12-31,,,0001652044-26-000018,us-gaap:PaymentsOfDividends,https://www.sec.gov/Archives/edgar/data/1652044/000165204426000018/goog-20251231.htm,a017f26ee88cb4a6,matched-negated,Dividend payments,CONSOLIDATED STATEMENTS OF CASH FLOWS - USD ($) $ in Millions,https://www.sec.gov/Archives/edgar/data/1652044/000165204426000018/R10.htm,,
dna@FY2021,dna,FY2021,10273000000.0,USD,reported,2021-01-01,2021-12-31,,,0001652044-24-000022,us-gaap:Depreciation,https://www.sec.gov/Archives/edgar/data/1652044/000165204424000022/goog-20231231.htm,a017f26ee88cb4a6,matched,Depreciation of property and equipment,CONSOLIDATED STATEMENTS OF CASH FLOWS - USD ($) $ in Millions,https://www.sec.gov/Archives/edgar/data/1652044/000165204424000022/R9.htm,,
dna@FY2022,dna,FY2022,13475000000.0,USD,reported,2022-01-01,2022-12-31,,,0001652044-25-000014,us-gaap:Depreciation,https://www.sec.gov/Archives/edgar/data/1652044/000165204425000014/goog-20241231.htm,a017f26ee88cb4a6,matched,Depreciation of property and equipment,CONSOLIDATED STATEMENTS OF CASH FLOWS - USD ($) $ in Millions,https://www.sec.gov/Archives/edgar/data/1652044/000165204425000014/R9.htm,,
dna@FY2023,dna,FY2023,11946000000.0,USD,reported,2023-01-01,2023-12-31,,,0001652044-26-000018,us-gaap:Depreciation,https://www.sec.gov/Archives/edgar/data/1652044/000165204426000018/goog-20251231.htm,a017f26ee88cb4a6,matched,Depreciation of property and equipment,CONSOLIDATED STATEMENTS OF CASH FLOWS - USD ($) $ in Millions,https://www.sec.gov/Archives/edgar/data/1652044/000165204426000018/R10.htm,,
dna@FY2024,dna,FY2024,15311000000.0,USD,reported,2024-01-01,2024-12-31,,,0001652044-26-000018,us-gaap:Depreciation,https://www.sec.gov/Archives/edgar/data/1652044/000165204426000018/goog-20251231.htm,a017f26ee88cb4a6,matched,Depreciation of property and equipment,CONSOLIDATED STATEMENTS OF CASH FLOWS - USD ($) $ in Millions,https://www.sec.gov/Archives/edgar/data/1652044/000165204426000018/R10.htm,,
dna@FY2025,dna,FY2025,21136000000.0,USD,reported,2025-01-01,2025-12-31,,,0001652044-26-000018,us-gaap:Depreciation,https://www.sec.gov/Archives/edgar/data/1652044/000165204426000018/goog-20251231.htm,a017f26ee88cb4a6,matched,Depreciation of property and equipment,CONSOLIDATED STATEMENTS OF CASH FLOWS - USD ($) $ in Millions,https://www.sec.gov/Archives/edgar/data/1652044/000165204426000018/R10.htm,,
effective_tax_rate@FY2021,effective_tax_rate,FY2021,0.1620230564066392,pure,derived,2021-01-01,2021-12-31,income_tax / pretax_income,income_tax@FY2021;pretax_income@FY2021,,,,,,,,,,
effective_tax_rate@FY2022,effective_tax_rate,FY2022,0.1592081650964558,pure,derived,2022-01-01,2022-12-31,income_tax / pretax_income,income_tax@FY2022;pretax_income@FY2022,,,,,,,,,,
effective_tax_rate@FY2023,effective_tax_rate,FY2023,0.13908559562280529,pure,derived,2023-01-01,2023-12-31,income_tax / pretax_income,income_tax@FY2023;pretax_income@FY2023,,,,,,,,,,
effective_tax_rate@FY2024,effective_tax_rate,FY2024,0.16439510912657013,pure,derived,2024-01-01,2024-12-31,income_tax / pretax_income,income_tax@FY2024;pretax_income@FY2024,,,,,,,,,,
effective_tax_rate@FY2025,effective_tax_rate,FY2025,0.16783146336242177,pure,derived,2025-01-01,2025-12-31,income_tax / pretax_income,income_tax@FY2025;pretax_income@FY2025,,,,,,,,,,
eps_basic@FY2021,eps_basic,FY2021,5.69,USD/shares,reported,2021-01-01,2021-12-31,,,0001652044-24-000022,us-gaap:EarningsPerShareBasic,https://www.sec.gov/Archives/edgar/data/1652044/000165204424000022/goog-20231231.htm,a017f26ee88cb4a6,matched,"Basic net income per share of Class A, Class B, and Class C stock (in dollars per share)",CONSOLIDATED STATEMENTS OF INCOME - USD ($) $ in Millions,https://www.sec.gov/Archives/edgar/data/1652044/000165204424000022/R5.htm,,0001652044-22-000019: 113.88 (20-for-1 stock split effective 2022-07-15)
eps_basic@FY2022,eps_basic,FY2022,4.59,USD/shares,reported,2022-01-01,2022-12-31,,,0001652044-25-000014,us-gaap:EarningsPerShareBasic,https://www.sec.gov/Archives/edgar/data/1652044/000165204425000014/goog-20241231.htm,a017f26ee88cb4a6,matched,Basic net income per share (in dollars per share),CONSOLIDATED STATEMENTS OF INCOME - USD ($) $ in Millions,https://www.sec.gov/Archives/edgar/data/1652044/000165204425000014/R5.htm,,
eps_basic@FY2023,eps_basic,FY2023,5.84,USD/shares,reported,2023-01-01,2023-12-31,,,0001652044-26-000018,us-gaap:EarningsPerShareBasic,https://www.sec.gov/Archives/edgar/data/1652044/000165204426000018/goog-20251231.htm,a017f26ee88cb4a6,matched,Basic net income per share (in dollars per share),CONSOLIDATED STATEMENTS OF INCOME - USD ($) $ in Millions,https://www.sec.gov/Archives/edgar/data/1652044/000165204426000018/R5.htm,,
eps_basic@FY2024,eps_basic,FY2024,8.13,USD/shares,reported,2024-01-01,2024-12-31,,,0001652044-26-000018,us-gaap:EarningsPerShareBasic,https://www.sec.gov/Archives/edgar/data/1652044/000165204426000018/goog-20251231.htm,a017f26ee88cb4a6,matched,Basic net income per share (in dollars per share),CONSOLIDATED STATEMENTS OF INCOME - USD ($) $ in Millions,https://www.sec.gov/Archives/edgar/data/1652044/000165204426000018/R5.htm,,
eps_basic@FY2025,eps_basic,FY2025,10.91,USD/shares,reported,2025-01-01,2025-12-31,,,0001652044-26-000018,us-gaap:EarningsPerShareBasic,https://www.sec.gov/Archives/edgar/data/1652044/000165204426000018/goog-20251231.htm,a017f26ee88cb4a6,matched,Basic net income per share (in dollars per share),CONSOLIDATED STATEMENTS OF INCOME - USD ($) $ in Millions,https://www.sec.gov/Archives/edgar/data/1652044/000165204426000018/R5.htm,,
eps_diluted@FY2021,eps_diluted,FY2021,5.61,USD/shares,reported,2021-01-01,2021-12-31,,,0001652044-24-000022,us-gaap:EarningsPerShareDiluted,https://www.sec.gov/Archives/edgar/data/1652044/000165204424000022/goog-20231231.htm,a017f26ee88cb4a6,matched,"Diluted net income per share of Class A, Class B, and Class C stock (in dollars per share)",CONSOLIDATED STATEMENTS OF INCOME - USD ($) $ in Millions,https://www.sec.gov/Archives/edgar/data/1652044/000165204424000022/R5.htm,,0001652044-22-000019: 112.2 (20-for-1 stock split effective 2022-07-15)
eps_diluted@FY2022,eps_diluted,FY2022,4.56,USD/shares,reported,2022-01-01,2022-12-31,,,0001652044-25-000014,us-gaap:EarningsPerShareDiluted,https://www.sec.gov/Archives/edgar/data/1652044/000165204425000014/goog-20241231.htm,a017f26ee88cb4a6,matched,Diluted net income per share (in dollars per share),CONSOLIDATED STATEMENTS OF INCOME - USD ($) $ in Millions,https://www.sec.gov/Archives/edgar/data/1652044/000165204425000014/R5.htm,,
eps_diluted@FY2023,eps_diluted,FY2023,5.8,USD/shares,reported,2023-01-01,2023-12-31,,,0001652044-26-000018,us-gaap:EarningsPerShareDiluted,https://www.sec.gov/Archives/edgar/data/1652044/000165204426000018/goog-20251231.htm,a017f26ee88cb4a6,matched,Diluted net income per share (in dollars per share),CONSOLIDATED STATEMENTS OF INCOME - USD ($) $ in Millions,https://www.sec.gov/Archives/edgar/data/1652044/000165204426000018/R5.htm,,
eps_diluted@FY2024,eps_diluted,FY2024,8.04,USD/shares,reported,2024-01-01,2024-12-31,,,0001652044-26-000018,us-gaap:EarningsPerShareDiluted,https://www.sec.gov/Archives/edgar/data/1652044/000165204426000018/goog-20251231.htm,a017f26ee88cb4a6,matched,Diluted net income per share (in dollars per share),CONSOLIDATED STATEMENTS OF INCOME - USD ($) $ in Millions,https://www.sec.gov/Archives/edgar/data/1652044/000165204426000018/R5.htm,,
eps_diluted@FY2025,eps_diluted,FY2025,10.81,USD/shares,reported,2025-01-01,2025-12-31,,,0001652044-26-000018,us-gaap:EarningsPerShareDiluted,https://www.sec.gov/Archives/edgar/data/1652044/000165204426000018/goog-20251231.htm,a017f26ee88cb4a6,matched,Diluted net income per share (in dollars per share),CONSOLIDATED STATEMENTS OF INCOME - USD ($) $ in Millions,https://www.sec.gov/Archives/edgar/data/1652044/000165204426000018/R5.htm,,
eps_growth@FY2021,eps_growth,FY2021,,pure,missing,,2021-12-31,eps_diluted / prior eps_diluted - 1,,,,,,,,,,Suppressed: FY2020 is not in the loaded window,
eps_growth@FY2022,eps_growth,FY2022,-0.1871657754010696,pure,derived,2022-01-01,2022-12-31,eps_diluted / prior eps_diluted - 1,eps_diluted@FY2022;eps_diluted@FY2021,,,,,,,,,,
eps_growth@FY2023,eps_growth,FY2023,0.2719298245614037,pure,derived,2023-01-01,2023-12-31,eps_diluted / prior eps_diluted - 1,eps_diluted@FY2023;eps_diluted@FY2022,,,,,,,,,,
eps_growth@FY2024,eps_growth,FY2024,0.386206896551724,pure,derived,2024-01-01,2024-12-31,eps_diluted / prior eps_diluted - 1,eps_diluted@FY2024;eps_diluted@FY2023,,,,,,,,,,
eps_growth@FY2025,eps_growth,FY2025,0.3445273631840797,pure,derived,2025-01-01,2025-12-31,eps_diluted / prior eps_diluted - 1,eps_diluted@FY2025;eps_diluted@FY2024,,,,,,,,,,
equity@FY2021,equity,FY2021,251635000000.0,USD,reported,,2021-12-31,,,0001652044-25-000014,us-gaap:StockholdersEquity,https://www.sec.gov/Archives/edgar/data/1652044/000165204425000014/goog-20241231.htm,a017f26ee88cb4a6,from-notes,,,,,
equity@FY2022,equity,FY2022,256144000000.0,USD,reported,,2022-12-31,,,0001652044-26-000018,us-gaap:StockholdersEquity,https://www.sec.gov/Archives/edgar/data/1652044/000165204426000018/goog-20251231.htm,a017f26ee88cb4a6,matched,Total stockholders’ equity,CONSOLIDATED BALANCE SHEETS - USD ($) $ in Millions,https://www.sec.gov/Archives/edgar/data/1652044/000165204423000016/R3.htm,,
equity@FY2023,equity,FY2023,283379000000.0,USD,reported,,2023-12-31,,,0001652044-26-000018,us-gaap:StockholdersEquity,https://www.sec.gov/Archives/edgar/data/1652044/000165204426000018/goog-20251231.htm,a017f26ee88cb4a6,matched,Total stockholders’ equity,CONSOLIDATED BALANCE SHEETS - USD ($) $ in Millions,https://www.sec.gov/Archives/edgar/data/1652044/000165204424000022/R3.htm,,
equity@FY2024,equity,FY2024,325084000000.0,USD,reported,,2024-12-31,,,0001652044-26-000018,us-gaap:StockholdersEquity,https://www.sec.gov/Archives/edgar/data/1652044/000165204426000018/goog-20251231.htm,a017f26ee88cb4a6,matched,Total stockholders’ equity,CONSOLIDATED BALANCE SHEETS - USD ($) $ in Millions,https://www.sec.gov/Archives/edgar/data/1652044/000165204426000018/R3.htm,,
equity@FY2025,equity,FY2025,415265000000.0,USD,reported,,2025-12-31,,,0001652044-26-000018,us-gaap:StockholdersEquity,https://www.sec.gov/Archives/edgar/data/1652044/000165204426000018/goog-20251231.htm,a017f26ee88cb4a6,matched,Total stockholders’ equity,CONSOLIDATED BALANCE SHEETS - USD ($) $ in Millions,https://www.sec.gov/Archives/edgar/data/1652044/000165204426000018/R3.htm,,
equity_securities_gain@FY2021,equity_securities_gain,FY2021,12380000000.0,USD,reported,2021-01-01,2021-12-31,,,0001652044-24-000022,us-gaap:EquitySecuritiesFvNiGainLoss,https://www.sec.gov/Archives/edgar/data/1652044/000165204424000022/goog-20231231.htm,a017f26ee88cb4a6,matched-in-notes,"Total gain (loss) on equity securities in other income (expense), net",Financial Instruments - Gains and Losses on Equity Securities (Details) - USD ($) $ in Millions,https://www.sec.gov/Archives/edgar/data/1652044/000165204424000022/R50.htm,,
equity_securities_gain@FY2022,equity_securities_gain,FY2022,-3455000000.0,USD,reported,2022-01-01,2022-12-31,,,0001652044-25-000014,us-gaap:EquitySecuritiesFvNiGainLoss,https://www.sec.gov/Archives/edgar/data/1652044/000165204425000014/goog-20241231.htm,a017f26ee88cb4a6,matched-in-notes,"Total gain (loss) on equity securities in other income (expense), net",Financial Instruments - Gains and Losses on Marketable and Non-Marketable Equity Securities (Details) - USD ($) $ in Millions,https://www.sec.gov/Archives/edgar/data/1652044/000165204425000014/R54.htm,,
equity_securities_gain@FY2023,equity_securities_gain,FY2023,392000000.0,USD,reported,2023-01-01,2023-12-31,,,0001652044-26-000018,us-gaap:EquitySecuritiesFvNiGainLoss,https://www.sec.gov/Archives/edgar/data/1652044/000165204426000018/goog-20251231.htm,a017f26ee88cb4a6,matched-in-notes,"Total gain (loss) on equity securities in other income (expense), net",Financial Instruments - Gains and Losses on Marketable and Non-Marketable Equity Securities (Details) - USD ($) $ in Millions,https://www.sec.gov/Archives/edgar/data/1652044/000165204426000018/R54.htm,,
equity_securities_gain@FY2024,equity_securities_gain,FY2024,3714000000.0,USD,reported,2024-01-01,2024-12-31,,,0001652044-26-000018,us-gaap:EquitySecuritiesFvNiGainLoss,https://www.sec.gov/Archives/edgar/data/1652044/000165204426000018/goog-20251231.htm,a017f26ee88cb4a6,matched-in-notes,"Total gain (loss) on equity securities in other income (expense), net",Financial Instruments - Gains and Losses on Marketable and Non-Marketable Equity Securities (Details) - USD ($) $ in Millions,https://www.sec.gov/Archives/edgar/data/1652044/000165204426000018/R54.htm,,
equity_securities_gain@FY2025,equity_securities_gain,FY2025,24080000000.0,USD,reported,2025-01-01,2025-12-31,,,0001652044-26-000018,us-gaap:EquitySecuritiesFvNiGainLoss,https://www.sec.gov/Archives/edgar/data/1652044/000165204426000018/goog-20251231.htm,a017f26ee88cb4a6,matched-in-notes,"Total gain (loss) on equity securities in other income (expense), net",Financial Instruments - Gains and Losses on Marketable and Non-Marketable Equity Securities (Details) - USD ($) $ in Millions,https://www.sec.gov/Archives/edgar/data/1652044/000165204426000018/R54.htm,,
fcf@FY2021,fcf,FY2021,67012000000.0,USD,derived,2021-01-01,2021-12-31,cfo - capex (cash FCF; not unlevered FCFF),cfo@FY2021;capex@FY2021,,,,,,,,,,
fcf@FY2022,fcf,FY2022,60010000000.0,USD,derived,2022-01-01,2022-12-31,cfo - capex (cash FCF; not unlevered FCFF),cfo@FY2022;capex@FY2022,,,,,,,,,,
fcf@FY2023,fcf,FY2023,69495000000.0,USD,derived,2023-01-01,2023-12-31,cfo - capex (cash FCF; not unlevered FCFF),cfo@FY2023;capex@FY2023,,,,,,,,,,
fcf@FY2024,fcf,FY2024,72764000000.0,USD,derived,2024-01-01,2024-12-31,cfo - capex (cash FCF; not unlevered FCFF),cfo@FY2024;capex@FY2024,,,,,,,,,,
fcf@FY2025,fcf,FY2025,73266000000.0,USD,derived,2025-01-01,2025-12-31,cfo - capex (cash FCF; not unlevered FCFF),cfo@FY2025;capex@FY2025,,,,,,,,,,
fcf_after_sbc@FY2021,fcf_after_sbc,FY2021,51636000000.0,USD,derived,2021-01-01,2021-12-31,cfo - capex - sbc,cfo@FY2021;capex@FY2021;sbc@FY2021,,,,,,,,,,
fcf_after_sbc@FY2022,fcf_after_sbc,FY2022,40648000000.0,USD,derived,2022-01-01,2022-12-31,cfo - capex - sbc,cfo@FY2022;capex@FY2022;sbc@FY2022,,,,,,,,,,
fcf_after_sbc@FY2023,fcf_after_sbc,FY2023,47035000000.0,USD,derived,2023-01-01,2023-12-31,cfo - capex - sbc,cfo@FY2023;capex@FY2023;sbc@FY2023,,,,,,,,,,
fcf_after_sbc@FY2024,fcf_after_sbc,FY2024,49979000000.0,USD,derived,2024-01-01,2024-12-31,cfo - capex - sbc,cfo@FY2024;capex@FY2024;sbc@FY2024,,,,,,,,,,
fcf_after_sbc@FY2025,fcf_after_sbc,FY2025,48313000000.0,USD,derived,2025-01-01,2025-12-31,cfo - capex - sbc,cfo@FY2025;capex@FY2025;sbc@FY2025,,,,,,,,,,
fcf_growth@FY2021,fcf_growth,FY2021,,pure,missing,,2021-12-31,fcf / prior fcf - 1,,,,,,,,,,Suppressed: FY2020 is not in the loaded window,
fcf_growth@FY2022,fcf_growth,FY2022,-0.10448874828388943,pure,derived,2022-01-01,2022-12-31,fcf / prior fcf - 1,fcf@FY2022;fcf@FY2021,,,,,,,,,,
fcf_growth@FY2023,fcf_growth,FY2023,0.15805699050158317,pure,derived,2023-01-01,2023-12-31,fcf / prior fcf - 1,fcf@FY2023;fcf@FY2022,,,,,,,,,,
fcf_growth@FY2024,fcf_growth,FY2024,0.04703935534930581,pure,derived,2024-01-01,2024-12-31,fcf / prior fcf - 1,fcf@FY2024;fcf@FY2023,,,,,,,,,,
fcf_growth@FY2025,fcf_growth,FY2025,0.006899015996921554,pure,derived,2025-01-01,2025-12-31,fcf / prior fcf - 1,fcf@FY2025;fcf@FY2024,,,,,,,,,,
fcf_margin@FY2021,fcf_margin,FY2021,0.2601023921253547,pure,derived,2021-01-01,2021-12-31,fcf / revenue,fcf@FY2021;revenue@FY2021,,,,,,,,,,
fcf_margin@FY2022,fcf_margin,FY2022,0.21217242500954617,pure,derived,2022-01-01,2022-12-31,fcf / revenue,fcf@FY2022;revenue@FY2022,,,,,,,,,,
fcf_margin@FY2023,fcf_margin,FY2023,0.22607793255561268,pure,derived,2023-01-01,2023-12-31,fcf / revenue,fcf@FY2023;revenue@FY2023,,,,,,,,,,
fcf_margin@FY2024,fcf_margin,FY2024,0.20788645155392008,pure,derived,2024-01-01,2024-12-31,fcf / revenue,fcf@FY2024;revenue@FY2024,,,,,,,,,,
fcf_margin@FY2025,fcf_margin,FY2025,0.18187550268595656,pure,derived,2025-01-01,2025-12-31,fcf / revenue,fcf@FY2025;revenue@FY2025,,,,,,,,,,
finance_lease_liability@FY2021,finance_lease_liability,FY2021,2086000000.0,USD,reported,,2021-12-31,,,0001652044-23-000016,us-gaap:FinanceLeaseLiability,https://www.sec.gov/Archives/edgar/data/1652044/000165204423000016/0001652044-23-000016-index.htm,a017f26ee88cb4a6,matched-in-notes,"Future finance lease payments, net and other",Debt - Long-Term Debt (Details) - USD ($) $ in Millions,https://www.sec.gov/Archives/edgar/data/1652044/000165204423000016/R62.htm,,
finance_lease_liability@FY2022,finance_lease_liability,FY2022,2142000000.0,USD,reported,,2022-12-31,,,0001652044-24-000022,us-gaap:FinanceLeaseLiability,https://www.sec.gov/Archives/edgar/data/1652044/000165204424000022/goog-20231231.htm,a017f26ee88cb4a6,matched-in-notes,"Future finance lease payments, net and other",Debt - Long-Term Debt (Details) - USD ($) $ in Millions,https://www.sec.gov/Archives/edgar/data/1652044/000165204424000022/R64.htm,,
finance_lease_liability@FY2023,finance_lease_liability,FY2023,1666000000.0,USD,reported,,2023-12-31,,,0001652044-25-000014,us-gaap:FinanceLeaseLiability,https://www.sec.gov/Archives/edgar/data/1652044/000165204425000014/goog-20241231.htm,a017f26ee88cb4a6,matched-in-notes,Total finance lease liabilities,Leases - Supplemental Balance Sheet Information (Details) - USD ($) $ in Millions,https://www.sec.gov/Archives/edgar/data/1652044/000165204425000014/R61.htm,,0001652044-24-000022: 1.746e+09 (unexplained)
finance_lease_liability@FY2024,finance_lease_liability,FY2024,1677000000.0,USD,reported,,2024-12-31,,,0001652044-26-000018,us-gaap:FinanceLeaseLiability,https://www.sec.gov/Archives/edgar/data/1652044/000165204426000018/goog-20251231.htm,a017f26ee88cb4a6,matched-in-notes,Total finance lease liabilities,Leases - Supplemental Balance Sheet Information (Details) - USD ($) $ in Millions,https://www.sec.gov/Archives/edgar/data/1652044/000165204426000018/R61.htm,,
finance_lease_liability@FY2025,finance_lease_liability,FY2025,2500000000.0,USD,reported,,2025-12-31,,,0001652044-26-000018,us-gaap:FinanceLeaseLiability,https://www.sec.gov/Archives/edgar/data/1652044/000165204426000018/goog-20251231.htm,a017f26ee88cb4a6,matched-in-notes,Total finance lease liabilities,Leases - Supplemental Balance Sheet Information (Details) - USD ($) $ in Millions,https://www.sec.gov/Archives/edgar/data/1652044/000165204426000018/R61.htm,,
finance_lease_liability_current@FY2021,finance_lease_liability_current,FY2021,113000000.0,USD,reported,,2021-12-31,,,0001652044-23-000016,us-gaap:FinanceLeaseLiabilityCurrent,https://www.sec.gov/Archives/edgar/data/1652044/000165204423000016/0001652044-23-000016-index.htm,a017f26ee88cb4a6,matched-in-notes,"Less: Current portion future finance lease payments, net and other current debt",Debt - Long-Term Debt (Details) - USD ($) $ in Millions,https://www.sec.gov/Archives/edgar/data/1652044/000165204423000016/R62.htm,,
finance_lease_liability_current@FY2022,finance_lease_liability_current,FY2022,298000000.0,USD,reported,,2022-12-31,,,0001652044-24-000022,us-gaap:FinanceLeaseLiabilityCurrent,https://www.sec.gov/Archives/edgar/data/1652044/000165204424000022/goog-20231231.htm,a017f26ee88cb4a6,matched-in-notes,"Less: Current portion future finance lease payments, net and other current debt",Debt - Long-Term Debt (Details) - USD ($) $ in Millions,https://www.sec.gov/Archives/edgar/data/1652044/000165204424000022/R64.htm,,
finance_lease_liability_current@FY2023,finance_lease_liability_current,FY2023,283000000.0,USD,reported,,2023-12-31,,,0001652044-25-000014,us-gaap:FinanceLeaseLiabilityCurrent,https://www.sec.gov/Archives/edgar/data/1652044/000165204425000014/goog-20241231.htm,a017f26ee88cb4a6,matched-in-notes,Accrued expenses and other liabilities,Leases - Supplemental Balance Sheet Information (Details) - USD ($) $ in Millions,https://www.sec.gov/Archives/edgar/data/1652044/000165204425000014/R61.htm,,0001652044-24-000022: 3.63e+08 (unexplained)
finance_lease_liability_current@FY2024,finance_lease_liability_current,FY2024,235000000.0,USD,reported,,2024-12-31,,,0001652044-26-000018,us-gaap:FinanceLeaseLiabilityCurrent,https://www.sec.gov/Archives/edgar/data/1652044/000165204426000018/goog-20251231.htm,a017f26ee88cb4a6,matched-in-notes,Accrued expenses and other liabilities,Leases - Supplemental Balance Sheet Information (Details) - USD ($) $ in Millions,https://www.sec.gov/Archives/edgar/data/1652044/000165204426000018/R61.htm,,
finance_lease_liability_current@FY2025,finance_lease_liability_current,FY2025,441000000.0,USD,reported,,2025-12-31,,,0001652044-26-000018,us-gaap:FinanceLeaseLiabilityCurrent,https://www.sec.gov/Archives/edgar/data/1652044/000165204426000018/goog-20251231.htm,a017f26ee88cb4a6,matched-in-notes,Accrued expenses and other liabilities,Leases - Supplemental Balance Sheet Information (Details) - USD ($) $ in Millions,https://www.sec.gov/Archives/edgar/data/1652044/000165204426000018/R61.htm,,
gross_margin@FY2021,gross_margin,FY2021,0.5693980290098084,pure,derived,2021-01-01,2021-12-31,gross_profit_calc / revenue,gross_profit_calc@FY2021;revenue@FY2021,,,,,,,,,Company does not report gross profit; uses revenue - cost of revenue as presented,
gross_margin@FY2022,gross_margin,FY2022,0.5537944250378312,pure,derived,2022-01-01,2022-12-31,gross_profit_calc / revenue,gross_profit_calc@FY2022;revenue@FY2022,,,,,,,,,Company does not report gross profit; uses revenue - cost of revenue as presented,
gross_margin@FY2023,gross_margin,FY2023,0.566250479840205,pure,derived,2023-01-01,2023-12-31,gross_profit_calc / revenue,gross_profit_calc@FY2023;revenue@FY2023,,,,,,,,,Company does not report gross profit; uses revenue - cost of revenue as presented,
gross_margin@FY2024,gross_margin,FY2024,0.5820043540617911,pure,derived,2024-01-01,2024-12-31,gross_profit_calc / revenue,gross_profit_calc@FY2024;revenue@FY2024,,,,,,,,,Company does not report gross profit; uses revenue - cost of revenue as presented,
gross_margin@FY2025,gross_margin,FY2025,0.5965231508603998,pure,derived,2025-01-01,2025-12-31,gross_profit_calc / revenue,gross_profit_calc@FY2025;revenue@FY2025,,,,,,,,,Company does not report gross profit; uses revenue - cost of revenue as presented,
gross_profit@FY2021,gross_profit,FY2021,,USD,missing,,2021-12-31,,,,,,,not-checked,,,,No annual 10-K observation under GrossProfit,
gross_profit@FY2022,gross_profit,FY2022,,USD,missing,,2022-12-31,,,,,,,not-checked,,,,No annual 10-K observation under GrossProfit,
gross_profit@FY2023,gross_profit,FY2023,,USD,missing,,2023-12-31,,,,,,,not-checked,,,,No annual 10-K observation under GrossProfit,
gross_profit@FY2024,gross_profit,FY2024,,USD,missing,,2024-12-31,,,,,,,not-checked,,,,No annual 10-K observation under GrossProfit,
gross_profit@FY2025,gross_profit,FY2025,,USD,missing,,2025-12-31,,,,,,,not-checked,,,,No annual 10-K observation under GrossProfit,
gross_profit_calc@FY2021,gross_profit_calc,FY2021,146698000000.0,USD,derived,2021-01-01,2021-12-31,revenue - cost_of_revenue,revenue@FY2021;cost_of_revenue@FY2021,,,,,,,,,,
gross_profit_calc@FY2022,gross_profit_calc,FY2022,156633000000.0,USD,derived,2022-01-01,2022-12-31,revenue - cost_of_revenue,revenue@FY2022;cost_of_revenue@FY2022,,,,,,,,,,
gross_profit_calc@FY2023,gross_profit_calc,FY2023,174062000000.0,USD,derived,2023-01-01,2023-12-31,revenue - cost_of_revenue,revenue@FY2023;cost_of_revenue@FY2023,,,,,,,,,,
gross_profit_calc@FY2024,gross_profit_calc,FY2024,203712000000.0,USD,derived,2024-01-01,2024-12-31,revenue - cost_of_revenue,revenue@FY2024;cost_of_revenue@FY2024,,,,,,,,,,
gross_profit_calc@FY2025,gross_profit_calc,FY2025,240301000000.0,USD,derived,2025-01-01,2025-12-31,revenue - cost_of_revenue,revenue@FY2025;cost_of_revenue@FY2025,,,,,,,,,,
income_tax@FY2021,income_tax,FY2021,14701000000.0,USD,reported,2021-01-01,2021-12-31,,,0001652044-24-000022,us-gaap:IncomeTaxExpenseBenefit,https://www.sec.gov/Archives/edgar/data/1652044/000165204424000022/goog-20231231.htm,a017f26ee88cb4a6,matched,Provision for income taxes,CONSOLIDATED STATEMENTS OF INCOME - USD ($) $ in Millions,https://www.sec.gov/Archives/edgar/data/1652044/000165204424000022/R5.htm,,
income_tax@FY2022,income_tax,FY2022,11356000000.0,USD,reported,2022-01-01,2022-12-31,,,0001652044-25-000014,us-gaap:IncomeTaxExpenseBenefit,https://www.sec.gov/Archives/edgar/data/1652044/000165204425000014/goog-20241231.htm,a017f26ee88cb4a6,matched,Provision for income taxes,CONSOLIDATED STATEMENTS OF INCOME - USD ($) $ in Millions,https://www.sec.gov/Archives/edgar/data/1652044/000165204425000014/R5.htm,,
income_tax@FY2023,income_tax,FY2023,11922000000.0,USD,reported,2023-01-01,2023-12-31,,,0001652044-26-000018,us-gaap:IncomeTaxExpenseBenefit,https://www.sec.gov/Archives/edgar/data/1652044/000165204426000018/goog-20251231.htm,a017f26ee88cb4a6,matched,Provision for income taxes,CONSOLIDATED STATEMENTS OF INCOME - USD ($) $ in Millions,https://www.sec.gov/Archives/edgar/data/1652044/000165204426000018/R5.htm,,
income_tax@FY2024,income_tax,FY2024,19697000000.0,USD,reported,2024-01-01,2024-12-31,,,0001652044-26-000018,us-gaap:IncomeTaxExpenseBenefit,https://www.sec.gov/Archives/edgar/data/1652044/000165204426000018/goog-20251231.htm,a017f26ee88cb4a6,matched,Provision for income taxes,CONSOLIDATED STATEMENTS OF INCOME - USD ($) $ in Millions,https://www.sec.gov/Archives/edgar/data/1652044/000165204426000018/R5.htm,,
income_tax@FY2025,income_tax,FY2025,26656000000.0,USD,reported,2025-01-01,2025-12-31,,,0001652044-26-000018,us-gaap:IncomeTaxExpenseBenefit,https://www.sec.gov/Archives/edgar/data/1652044/000165204426000018/goog-20251231.htm,a017f26ee88cb4a6,matched,Provision for income taxes,CONSOLIDATED STATEMENTS OF INCOME - USD ($) $ in Millions,https://www.sec.gov/Archives/edgar/data/1652044/000165204426000018/R5.htm,,
liabilities@FY2021,liabilities,FY2021,107633000000.0,USD,reported,,2021-12-31,,,0001652044-23-000016,us-gaap:Liabilities,https://www.sec.gov/Archives/edgar/data/1652044/000165204423000016/0001652044-23-000016-index.htm,a017f26ee88cb4a6,matched,Total liabilities,CONSOLIDATED BALANCE SHEETS - USD ($) $ in Millions,https://www.sec.gov/Archives/edgar/data/1652044/000165204423000016/R3.htm,,
liabilities@FY2022,liabilities,FY2022,109120000000.0,USD,reported,,2022-12-31,,,0001652044-24-000022,us-gaap:Liabilities,https://www.sec.gov/Archives/edgar/data/1652044/000165204424000022/goog-20231231.htm,a017f26ee88cb4a6,matched,Total liabilities,CONSOLIDATED BALANCE SHEETS - USD ($) $ in Millions,https://www.sec.gov/Archives/edgar/data/1652044/000165204424000022/R3.htm,,
liabilities@FY2023,liabilities,FY2023,119013000000.0,USD,reported,,2023-12-31,,,0001652044-25-000014,us-gaap:Liabilities,https://www.sec.gov/Archives/edgar/data/1652044/000165204425000014/goog-20241231.htm,a017f26ee88cb4a6,matched,Total liabilities,CONSOLIDATED BALANCE SHEETS - USD ($) $ in Millions,https://www.sec.gov/Archives/edgar/data/1652044/000165204425000014/R3.htm,,
liabilities@FY2024,liabilities,FY2024,125172000000.0,USD,reported,,2024-12-31,,,0001652044-26-000018,us-gaap:Liabilities,https://www.sec.gov/Archives/edgar/data/1652044/000165204426000018/goog-20251231.htm,a017f26ee88cb4a6,matched,Total liabilities,CONSOLIDATED BALANCE SHEETS - USD ($) $ in Millions,https://www.sec.gov/Archives/edgar/data/1652044/000165204426000018/R3.htm,,
liabilities@FY2025,liabilities,FY2025,180016000000.0,USD,reported,,2025-12-31,,,0001652044-26-000018,us-gaap:Liabilities,https://www.sec.gov/Archives/edgar/data/1652044/000165204426000018/goog-20251231.htm,a017f26ee88cb4a6,matched,Total liabilities,CONSOLIDATED BALANCE SHEETS - USD ($) $ in Millions,https://www.sec.gov/Archives/edgar/data/1652044/000165204426000018/R3.htm,,
liquid_investments@FY2021,liquid_investments,FY2021,139649000000.0,USD,derived,,2021-12-31,cash + st_investments,cash@FY2021;st_investments@FY2021,,,,,,,,,,
liquid_investments@FY2022,liquid_investments,FY2022,113762000000.0,USD,derived,,2022-12-31,cash + st_investments,cash@FY2022;st_investments@FY2022,,,,,,,,,,
liquid_investments@FY2023,liquid_investments,FY2023,110916000000.0,USD,derived,,2023-12-31,cash + st_investments,cash@FY2023;st_investments@FY2023,,,,,,,,,,
liquid_investments@FY2024,liquid_investments,FY2024,95657000000.0,USD,derived,,2024-12-31,cash + st_investments,cash@FY2024;st_investments@FY2024,,,,,,,,,,
liquid_investments@FY2025,liquid_investments,FY2025,126843000000.0,USD,derived,,2025-12-31,cash + st_investments,cash@FY2025;st_investments@FY2025,,,,,,,,,,
net_debt@FY2021,net_debt,FY2021,-124719000000.0,USD,derived,,2021-12-31,total_debt - liquid_investments,total_debt@FY2021;liquid_investments@FY2021,,,,,,,,,,
net_debt@FY2022,net_debt,FY2022,-98763000000.0,USD,derived,,2022-12-31,total_debt - liquid_investments,total_debt@FY2022;liquid_investments@FY2022,,,,,,,,,,
net_debt@FY2023,net_debt,FY2023,-96380000000.0,USD,derived,,2023-12-31,total_debt - liquid_investments,total_debt@FY2023;liquid_investments@FY2023,,,,,,,,,,
net_debt@FY2024,net_debt,FY2024,-79798000000.0,USD,derived,,2024-12-31,total_debt - liquid_investments,total_debt@FY2024;liquid_investments@FY2024,,,,,,,,,,
net_debt@FY2025,net_debt,FY2025,-75800000000.0,USD,derived,,2025-12-31,total_debt - liquid_investments,total_debt@FY2025;liquid_investments@FY2025,,,,,,,,,,
net_income@FY2021,net_income,FY2021,76033000000.0,USD,reported,2021-01-01,2021-12-31,,,0001652044-24-000022,us-gaap:NetIncomeLoss,https://www.sec.gov/Archives/edgar/data/1652044/000165204424000022/goog-20231231.htm,a017f26ee88cb4a6,matched,Net income,CONSOLIDATED STATEMENTS OF INCOME - USD ($) $ in Millions,https://www.sec.gov/Archives/edgar/data/1652044/000165204424000022/R5.htm,,
net_income@FY2022,net_income,FY2022,59972000000.0,USD,reported,2022-01-01,2022-12-31,,,0001652044-25-000014,us-gaap:NetIncomeLoss,https://www.sec.gov/Archives/edgar/data/1652044/000165204425000014/goog-20241231.htm,a017f26ee88cb4a6,matched,Net income,CONSOLIDATED STATEMENTS OF INCOME - USD ($) $ in Millions,https://www.sec.gov/Archives/edgar/data/1652044/000165204425000014/R5.htm,,
net_income@FY2023,net_income,FY2023,73795000000.0,USD,reported,2023-01-01,2023-12-31,,,0001652044-26-000018,us-gaap:NetIncomeLoss,https://www.sec.gov/Archives/edgar/data/1652044/000165204426000018/goog-20251231.htm,a017f26ee88cb4a6,matched,Net income,CONSOLIDATED STATEMENTS OF INCOME - USD ($) $ in Millions,https://www.sec.gov/Archives/edgar/data/1652044/000165204426000018/R5.htm,,
net_income@FY2024,net_income,FY2024,100118000000.0,USD,reported,2024-01-01,2024-12-31,,,0001652044-26-000018,us-gaap:NetIncomeLoss,https://www.sec.gov/Archives/edgar/data/1652044/000165204426000018/goog-20251231.htm,a017f26ee88cb4a6,matched,Net income,CONSOLIDATED STATEMENTS OF INCOME - USD ($) $ in Millions,https://www.sec.gov/Archives/edgar/data/1652044/000165204426000018/R5.htm,,
net_income@FY2025,net_income,FY2025,132170000000.0,USD,reported,2025-01-01,2025-12-31,,,0001652044-26-000018,us-gaap:NetIncomeLoss,https://www.sec.gov/Archives/edgar/data/1652044/000165204426000018/goog-20251231.htm,a017f26ee88cb4a6,matched,Net income,CONSOLIDATED STATEMENTS OF INCOME - USD ($) $ in Millions,https://www.sec.gov/Archives/edgar/data/1652044/000165204426000018/R5.htm,,
net_income_growth@FY2021,net_income_growth,FY2021,,pure,missing,,2021-12-31,net_income / prior net_income - 1,,,,,,,,,,Suppressed: FY2020 is not in the loaded window,
net_income_growth@FY2022,net_income_growth,FY2022,-0.2112372259413675,pure,derived,2022-01-01,2022-12-31,net_income / prior net_income - 1,net_income@FY2022;net_income@FY2021,,,,,,,,,,
net_income_growth@FY2023,net_income_growth,FY2023,0.23049089575135073,pure,derived,2023-01-01,2023-12-31,net_income / prior net_income - 1,net_income@FY2023;net_income@FY2022,,,,,,,,,,
net_income_growth@FY2024,net_income_growth,FY2024,0.3567043837658377,pure,derived,2024-01-01,2024-12-31,net_income / prior net_income - 1,net_income@FY2024;net_income@FY2023,,,,,,,,,,
net_income_growth@FY2025,net_income_growth,FY2025,0.3201422321660441,pure,derived,2025-01-01,2025-12-31,net_income / prior net_income - 1,net_income@FY2025;net_income@FY2024,,,,,,,,,,
net_income_to_common@FY2021,net_income_to_common,FY2021,,USD,missing,,2021-12-31,,,,,,,not-checked,,,,No annual 10-K observation under NetIncomeLossAvailableToCommonStockholdersBasic,
net_income_to_common@FY2022,net_income_to_common,FY2022,59972000000.0,USD,reported,2022-01-01,2022-12-31,,,0001652044-25-000014,us-gaap:NetIncomeLossAvailableToCommonStockholdersBasic,https://www.sec.gov/Archives/edgar/data/1652044/000165204425000014/goog-20241231.htm,a017f26ee88cb4a6,matched-in-notes,Net income,"Net Income Per Share - Schedule of Earnings Per Share (Details) - USD ($) $ / shares in Units, shares in Millions, $ in Millions",https://www.sec.gov/Archives/edgar/data/1652044/000165204425000014/R80.htm,,
net_income_to_common@FY2023,net_income_to_common,FY2023,73795000000.0,USD,reported,2023-01-01,2023-12-31,,,0001652044-26-000018,us-gaap:NetIncomeLossAvailableToCommonStockholdersBasic,https://www.sec.gov/Archives/edgar/data/1652044/000165204426000018/goog-20251231.htm,a017f26ee88cb4a6,matched-in-notes,Net income,"Net Income Per Share - Schedule of Earnings Per Share (Details) - USD ($) $ / shares in Units, shares in Millions, $ in Millions",https://www.sec.gov/Archives/edgar/data/1652044/000165204426000018/R80.htm,,
net_income_to_common@FY2024,net_income_to_common,FY2024,100118000000.0,USD,reported,2024-01-01,2024-12-31,,,0001652044-26-000018,us-gaap:NetIncomeLossAvailableToCommonStockholdersBasic,https://www.sec.gov/Archives/edgar/data/1652044/000165204426000018/goog-20251231.htm,a017f26ee88cb4a6,matched-in-notes,Net income,"Net Income Per Share - Schedule of Earnings Per Share (Details) - USD ($) $ / shares in Units, shares in Millions, $ in Millions",https://www.sec.gov/Archives/edgar/data/1652044/000165204426000018/R80.htm,,
net_income_to_common@FY2025,net_income_to_common,FY2025,132170000000.0,USD,reported,2025-01-01,2025-12-31,,,0001652044-26-000018,us-gaap:NetIncomeLossAvailableToCommonStockholdersBasic,https://www.sec.gov/Archives/edgar/data/1652044/000165204426000018/goog-20251231.htm,a017f26ee88cb4a6,matched-in-notes,Net income,"Net Income Per Share - Schedule of Earnings Per Share (Details) - USD ($) $ / shares in Units, shares in Millions, $ in Millions",https://www.sec.gov/Archives/edgar/data/1652044/000165204426000018/R80.htm,,
net_margin@FY2021,net_margin,FY2021,0.2951167728237792,pure,derived,2021-01-01,2021-12-31,net_income / revenue,net_income@FY2021;revenue@FY2021,,,,,,,,,,
net_margin@FY2022,net_margin,FY2022,0.2120380715326196,pure,derived,2022-01-01,2022-12-31,net_income / revenue,net_income@FY2022;revenue@FY2022,,,,,,,,,,
net_margin@FY2023,net_margin,FY2023,0.24006649446638517,pure,derived,2023-01-01,2023-12-31,net_income / revenue,net_income@FY2023;revenue@FY2023,,,,,,,,,,
net_margin@FY2024,net_margin,FY2024,0.28603671811164,pure,derived,2024-01-01,2024-12-31,net_income / revenue,net_income@FY2024;revenue@FY2024,,,,,,,,,,
net_margin@FY2025,net_margin,FY2025,0.3280987796522654,pure,derived,2025-01-01,2025-12-31,net_income / revenue,net_income@FY2025;revenue@FY2025,,,,,,,,,,
nonoperating_income@FY2021,nonoperating_income,FY2021,12020000000.0,USD,reported,2021-01-01,2021-12-31,,,0001652044-24-000022,us-gaap:NonoperatingIncomeExpense,https://www.sec.gov/Archives/edgar/data/1652044/000165204424000022/goog-20231231.htm,a017f26ee88cb4a6,matched,"Other income (expense), net",CONSOLIDATED STATEMENTS OF INCOME - USD ($) $ in Millions,https://www.sec.gov/Archives/edgar/data/1652044/000165204424000022/R5.htm,,
nonoperating_income@FY2022,nonoperating_income,FY2022,-3514000000.0,USD,reported,2022-01-01,2022-12-31,,,0001652044-25-000014,us-gaap:NonoperatingIncomeExpense,https://www.sec.gov/Archives/edgar/data/1652044/000165204425000014/goog-20241231.htm,a017f26ee88cb4a6,matched,"Other income (expense), net",CONSOLIDATED STATEMENTS OF INCOME - USD ($) $ in Millions,https://www.sec.gov/Archives/edgar/data/1652044/000165204425000014/R5.htm,,
nonoperating_income@FY2023,nonoperating_income,FY2023,1424000000.0,USD,reported,2023-01-01,2023-12-31,,,0001652044-26-000018,us-gaap:NonoperatingIncomeExpense,https://www.sec.gov/Archives/edgar/data/1652044/000165204426000018/goog-20251231.htm,a017f26ee88cb4a6,matched,"Other income (expense), net",CONSOLIDATED STATEMENTS OF INCOME - USD ($) $ in Millions,https://www.sec.gov/Archives/edgar/data/1652044/000165204426000018/R5.htm,,
nonoperating_income@FY2024,nonoperating_income,FY2024,7425000000.0,USD,reported,2024-01-01,2024-12-31,,,0001652044-26-000018,us-gaap:NonoperatingIncomeExpense,https://www.sec.gov/Archives/edgar/data/1652044/000165204426000018/goog-20251231.htm,a017f26ee88cb4a6,matched,"Other income (expense), net",CONSOLIDATED STATEMENTS OF INCOME - USD ($) $ in Millions,https://www.sec.gov/Archives/edgar/data/1652044/000165204426000018/R5.htm,,
nonoperating_income@FY2025,nonoperating_income,FY2025,29787000000.0,USD,reported,2025-01-01,2025-12-31,,,0001652044-26-000018,us-gaap:NonoperatingIncomeExpense,https://www.sec.gov/Archives/edgar/data/1652044/000165204426000018/goog-20251231.htm,a017f26ee88cb4a6,matched,"Other income (expense), net",CONSOLIDATED STATEMENTS OF INCOME - USD ($) $ in Millions,https://www.sec.gov/Archives/edgar/data/1652044/000165204426000018/R5.htm,,
nonoperating_share_of_pretax@FY2021,nonoperating_share_of_pretax,FY2021,0.13247514713337888,pure,derived,2021-01-01,2021-12-31,nonoperating_income / pretax_income,nonoperating_income@FY2021;pretax_income@FY2021,,,,,,,,,,
nonoperating_share_of_pretax@FY2022,nonoperating_share_of_pretax,FY2022,-0.04926536563481382,pure,derived,2022-01-01,2022-12-31,nonoperating_income / pretax_income,nonoperating_income@FY2022;pretax_income@FY2022,,,,,,,,,,
nonoperating_share_of_pretax@FY2023,nonoperating_share_of_pretax,FY2023,0.0166128072611034,pure,derived,2023-01-01,2023-12-31,nonoperating_income / pretax_income,nonoperating_income@FY2023;pretax_income@FY2023,,,,,,,,,,
nonoperating_share_of_pretax@FY2024,nonoperating_share_of_pretax,FY2024,0.06197053791261528,pure,derived,2024-01-01,2024-12-31,nonoperating_income / pretax_income,nonoperating_income@FY2024;pretax_income@FY2024,,,,,,,,,,
nonoperating_share_of_pretax@FY2025,nonoperating_share_of_pretax,FY2025,0.18754486041328247,pure,derived,2025-01-01,2025-12-31,nonoperating_income / pretax_income,nonoperating_income@FY2025;pretax_income@FY2025,,,,,,,,,,
operating_income@FY2021,operating_income,FY2021,78714000000.0,USD,reported,2021-01-01,2021-12-31,,,0001652044-24-000022,us-gaap:OperatingIncomeLoss,https://www.sec.gov/Archives/edgar/data/1652044/000165204424000022/goog-20231231.htm,a017f26ee88cb4a6,matched,Income from operations,CONSOLIDATED STATEMENTS OF INCOME - USD ($) $ in Millions,https://www.sec.gov/Archives/edgar/data/1652044/000165204424000022/R5.htm,,
operating_income@FY2022,operating_income,FY2022,74842000000.0,USD,reported,2022-01-01,2022-12-31,,,0001652044-25-000014,us-gaap:OperatingIncomeLoss,https://www.sec.gov/Archives/edgar/data/1652044/000165204425000014/goog-20241231.htm,a017f26ee88cb4a6,matched,Income from operations,CONSOLIDATED STATEMENTS OF INCOME - USD ($) $ in Millions,https://www.sec.gov/Archives/edgar/data/1652044/000165204425000014/R5.htm,,
operating_income@FY2023,operating_income,FY2023,84293000000.0,USD,reported,2023-01-01,2023-12-31,,,0001652044-26-000018,us-gaap:OperatingIncomeLoss,https://www.sec.gov/Archives/edgar/data/1652044/000165204426000018/goog-20251231.htm,a017f26ee88cb4a6,matched,Income from operations,CONSOLIDATED STATEMENTS OF INCOME - USD ($) $ in Millions,https://www.sec.gov/Archives/edgar/data/1652044/000165204426000018/R5.htm,,
operating_income@FY2024,operating_income,FY2024,112390000000.0,USD,reported,2024-01-01,2024-12-31,,,0001652044-26-000018,us-gaap:OperatingIncomeLoss,https://www.sec.gov/Archives/edgar/data/1652044/000165204426000018/goog-20251231.htm,a017f26ee88cb4a6,matched,Income from operations,CONSOLIDATED STATEMENTS OF INCOME - USD ($) $ in Millions,https://www.sec.gov/Archives/edgar/data/1652044/000165204426000018/R5.htm,,
operating_income@FY2025,operating_income,FY2025,129039000000.0,USD,reported,2025-01-01,2025-12-31,,,0001652044-26-000018,us-gaap:OperatingIncomeLoss,https://www.sec.gov/Archives/edgar/data/1652044/000165204426000018/goog-20251231.htm,a017f26ee88cb4a6,matched,Income from operations,CONSOLIDATED STATEMENTS OF INCOME - USD ($) $ in Millions,https://www.sec.gov/Archives/edgar/data/1652044/000165204426000018/R5.htm,,
operating_income_growth@FY2021,operating_income_growth,FY2021,,pure,missing,,2021-12-31,operating_income / prior operating_income - 1,,,,,,,,,,Suppressed: FY2020 is not in the loaded window,
operating_income_growth@FY2022,operating_income_growth,FY2022,-0.049190741164214735,pure,derived,2022-01-01,2022-12-31,operating_income / prior operating_income - 1,operating_income@FY2022;operating_income@FY2021,,,,,,,,,,
operating_income_growth@FY2023,operating_income_growth,FY2023,0.1262793618556426,pure,derived,2023-01-01,2023-12-31,operating_income / prior operating_income - 1,operating_income@FY2023;operating_income@FY2022,,,,,,,,,,
operating_income_growth@FY2024,operating_income_growth,FY2024,0.33332542441246593,pure,derived,2024-01-01,2024-12-31,operating_income / prior operating_income - 1,operating_income@FY2024;operating_income@FY2023,,,,,,,,,,
operating_income_growth@FY2025,operating_income_growth,FY2025,0.14813595515615274,pure,derived,2025-01-01,2025-12-31,operating_income / prior operating_income - 1,operating_income@FY2025;operating_income@FY2024,,,,,,,,,,
operating_lease_liability@FY2021,operating_lease_liability,FY2021,13578000000.0,USD,reported,,2021-12-31,,,0001652044-22-000019,us-gaap:OperatingLeaseLiability,https://www.sec.gov/Archives/edgar/data/1652044/000165204422000019/0001652044-22-000019-index.htm,a017f26ee88cb4a6,from-notes,,,,,
operating_lease_liability@FY2022,operating_lease_liability,FY2022,14978000000.0,USD,reported,,2022-12-31,,,0001652044-23-000016,us-gaap:OperatingLeaseLiability,https://www.sec.gov/Archives/edgar/data/1652044/000165204423000016/0001652044-23-000016-index.htm,a017f26ee88cb4a6,from-notes,,,,,
operating_lease_liability@FY2023,operating_lease_liability,FY2023,15251000000.0,USD,reported,,2023-12-31,,,0001652044-25-000014,us-gaap:OperatingLeaseLiability,https://www.sec.gov/Archives/edgar/data/1652044/000165204425000014/goog-20241231.htm,a017f26ee88cb4a6,matched-in-notes,Total operating lease liabilities,Leases - Supplemental Balance Sheet Information (Details) - USD ($) $ in Millions,https://www.sec.gov/Archives/edgar/data/1652044/000165204425000014/R61.htm,,
operating_lease_liability@FY2024,operating_lease_liability,FY2024,14578000000.0,USD,reported,,2024-12-31,,,0001652044-26-000018,us-gaap:OperatingLeaseLiability,https://www.sec.gov/Archives/edgar/data/1652044/000165204426000018/goog-20251231.htm,a017f26ee88cb4a6,matched-in-notes,Total operating lease liabilities,Leases - Supplemental Balance Sheet Information (Details) - USD ($) $ in Millions,https://www.sec.gov/Archives/edgar/data/1652044/000165204426000018/R61.htm,,
operating_lease_liability@FY2025,operating_lease_liability,FY2025,15954000000.0,USD,reported,,2025-12-31,,,0001652044-26-000018,us-gaap:OperatingLeaseLiability,https://www.sec.gov/Archives/edgar/data/1652044/000165204426000018/goog-20251231.htm,a017f26ee88cb4a6,matched-in-notes,Total operating lease liabilities,Leases - Supplemental Balance Sheet Information (Details) - USD ($) $ in Millions,https://www.sec.gov/Archives/edgar/data/1652044/000165204426000018/R61.htm,,
operating_margin@FY2021,operating_margin,FY2021,0.3055228868524319,pure,derived,2021-01-01,2021-12-31,operating_income / revenue,operating_income@FY2021;revenue@FY2021,,,,,,,,,,
operating_margin@FY2022,operating_margin,FY2022,0.2646127084246701,pure,derived,2022-01-01,2022-12-31,operating_income / revenue,operating_income@FY2022;revenue@FY2022,,,,,,,,,,
operating_margin@FY2023,operating_margin,FY2023,0.27421810445226646,pure,derived,2023-01-01,2023-12-31,operating_income / revenue,operating_income@FY2023;revenue@FY2023,,,,,,,,,,
operating_margin@FY2024,operating_margin,FY2024,0.32109777211457696,pure,derived,2024-01-01,2024-12-31,operating_income / revenue,operating_income@FY2024;revenue@FY2024,,,,,,,,,,
operating_margin@FY2025,operating_margin,FY2025,0.32032638592380025,pure,derived,2025-01-01,2025-12-31,operating_income / revenue,operating_income@FY2025;revenue@FY2025,,,,,,,,,,
other_lt_investments@FY2021,other_lt_investments,FY2021,29549000000.0,USD,reported,,2021-12-31,,,0001652044-23-000016,us-gaap:OtherLongTermInvestments,https://www.sec.gov/Archives/edgar/data/1652044/000165204423000016/0001652044-23-000016-index.htm,a017f26ee88cb4a6,matched,Non-marketable securities,CONSOLIDATED BALANCE SHEETS - USD ($) $ in Millions,https://www.sec.gov/Archives/edgar/data/1652044/000165204423000016/R3.htm,,
other_lt_investments@FY2022,other_lt_investments,FY2022,30492000000.0,USD,reported,,2022-12-31,,,0001652044-24-000022,us-gaap:OtherLongTermInvestments,https://www.sec.gov/Archives/edgar/data/1652044/000165204424000022/goog-20231231.htm,a017f26ee88cb4a6,matched,Non-marketable securities,CONSOLIDATED BALANCE SHEETS - USD ($) $ in Millions,https://www.sec.gov/Archives/edgar/data/1652044/000165204424000022/R3.htm,,
other_lt_investments@FY2023,other_lt_investments,FY2023,31008000000.0,USD,reported,,2023-12-31,,,0001652044-25-000014,us-gaap:OtherLongTermInvestments,https://www.sec.gov/Archives/edgar/data/1652044/000165204425000014/goog-20241231.htm,a017f26ee88cb4a6,matched,Non-marketable securities,CONSOLIDATED BALANCE SHEETS - USD ($) $ in Millions,https://www.sec.gov/Archives/edgar/data/1652044/000165204425000014/R3.htm,,
other_lt_investments@FY2024,other_lt_investments,FY2024,37982000000.0,USD,reported,,2024-12-31,,,0001652044-26-000018,us-gaap:OtherLongTermInvestments,https://www.sec.gov/Archives/edgar/data/1652044/000165204426000018/goog-20251231.htm,a017f26ee88cb4a6,matched,Non-marketable securities,CONSOLIDATED BALANCE SHEETS - USD ($) $ in Millions,https://www.sec.gov/Archives/edgar/data/1652044/000165204426000018/R3.htm,,
other_lt_investments@FY2025,other_lt_investments,FY2025,68687000000.0,USD,reported,,2025-12-31,,,0001652044-26-000018,us-gaap:OtherLongTermInvestments,https://www.sec.gov/Archives/edgar/data/1652044/000165204426000018/goog-20251231.htm,a017f26ee88cb4a6,matched,Non-marketable securities,CONSOLIDATED BALANCE SHEETS - USD ($) $ in Millions,https://www.sec.gov/Archives/edgar/data/1652044/000165204426000018/R3.htm,,
payout_to_fcf@FY2021,payout_to_fcf,FY2021,0.750223840506178,pure,derived,2021-01-01,2021-12-31,shareholder_payout / fcf,shareholder_payout@FY2021;fcf@FY2021,,,,,,,,,,
payout_to_fcf@FY2022,payout_to_fcf,FY2022,0.9881019830028328,pure,derived,2022-01-01,2022-12-31,shareholder_payout / fcf,shareholder_payout@FY2022;fcf@FY2022,,,,,,,,,,
payout_to_fcf@FY2023,payout_to_fcf,FY2023,0.8850133103100942,pure,derived,2023-01-01,2023-12-31,shareholder_payout / fcf,shareholder_payout@FY2023;fcf@FY2023,,,,,,,,,,
payout_to_fcf@FY2024,payout_to_fcf,FY2024,0.9563108130394151,pure,derived,2024-01-01,2024-12-31,shareholder_payout / fcf,shareholder_payout@FY2024;fcf@FY2024,,,,,,,,,,
payout_to_fcf@FY2025,payout_to_fcf,FY2025,0.7610351322578004,pure,derived,2025-01-01,2025-12-31,shareholder_payout / fcf,shareholder_payout@FY2025;fcf@FY2025,,,,,,,,,,
preferred_equity@FY2021,preferred_equity,FY2021,0.0,USD,reported,,2021-12-31,,,0001652044-23-000016,us-gaap:ConvertiblePreferredStockNonredeemableOrRedeemableIssuerOptionValue,https://www.sec.gov/Archives/edgar/data/1652044/000165204423000016/0001652044-23-000016-index.htm,a017f26ee88cb4a6,matched,"Preferred stock, $0.001 par value per share, 100 shares authorized; no shares issued and outstanding",CONSOLIDATED BALANCE SHEETS - USD ($) $ in Millions,https://www.sec.gov/Archives/edgar/data/1652044/000165204423000016/R3.htm,,
preferred_equity@FY2022,preferred_equity,FY2022,0.0,USD,reported,,2022-12-31,,,0001652044-24-000022,us-gaap:ConvertiblePreferredStockNonredeemableOrRedeemableIssuerOptionValue,https://www.sec.gov/Archives/edgar/data/1652044/000165204424000022/goog-20231231.htm,a017f26ee88cb4a6,matched,"Preferred stock, $0.001 par value per share, 100 shares authorized; no shares issued and outstanding",CONSOLIDATED BALANCE SHEETS - USD ($) $ in Millions,https://www.sec.gov/Archives/edgar/data/1652044/000165204424000022/R3.htm,,
preferred_equity@FY2023,preferred_equity,FY2023,0.0,USD,reported,,2023-12-31,,,0001652044-25-000014,us-gaap:ConvertiblePreferredStockNonredeemableOrRedeemableIssuerOptionValue,https://www.sec.gov/Archives/edgar/data/1652044/000165204425000014/goog-20241231.htm,a017f26ee88cb4a6,matched,"Preferred stock, $0.001 par value per share, 100 shares authorized; no shares issued and outstanding",CONSOLIDATED BALANCE SHEETS - USD ($) $ in Millions,https://www.sec.gov/Archives/edgar/data/1652044/000165204425000014/R3.htm,,
preferred_equity@FY2024,preferred_equity,FY2024,0.0,USD,reported,,2024-12-31,,,0001652044-26-000018,us-gaap:ConvertiblePreferredStockNonredeemableOrRedeemableIssuerOptionValue,https://www.sec.gov/Archives/edgar/data/1652044/000165204426000018/goog-20251231.htm,a017f26ee88cb4a6,matched,"Preferred stock, $0.001 par value per share, 100 shares authorized; no shares issued and outstanding",CONSOLIDATED BALANCE SHEETS - USD ($) $ in Millions,https://www.sec.gov/Archives/edgar/data/1652044/000165204426000018/R3.htm,,
preferred_equity@FY2025,preferred_equity,FY2025,0.0,USD,reported,,2025-12-31,,,0001652044-26-000018,us-gaap:ConvertiblePreferredStockNonredeemableOrRedeemableIssuerOptionValue,https://www.sec.gov/Archives/edgar/data/1652044/000165204426000018/goog-20251231.htm,a017f26ee88cb4a6,matched,"Preferred stock, $0.001 par value per share, 100 shares authorized; no shares issued and outstanding",CONSOLIDATED BALANCE SHEETS - USD ($) $ in Millions,https://www.sec.gov/Archives/edgar/data/1652044/000165204426000018/R3.htm,,
pretax_income@FY2021,pretax_income,FY2021,90734000000.0,USD,reported,2021-01-01,2021-12-31,,,0001652044-24-000022,us-gaap:IncomeLossFromContinuingOperationsBeforeIncomeTaxesExtraordinaryItemsNoncontrollingInterest,https://www.sec.gov/Archives/edgar/data/1652044/000165204424000022/goog-20231231.htm,a017f26ee88cb4a6,matched,Total,CONSOLIDATED STATEMENTS OF INCOME - USD ($) $ in Millions,https://www.sec.gov/Archives/edgar/data/1652044/000165204424000022/R5.htm,,
pretax_income@FY2022,pretax_income,FY2022,71328000000.0,USD,reported,2022-01-01,2022-12-31,,,0001652044-25-000014,us-gaap:IncomeLossFromContinuingOperationsBeforeIncomeTaxesExtraordinaryItemsNoncontrollingInterest,https://www.sec.gov/Archives/edgar/data/1652044/000165204425000014/goog-20241231.htm,a017f26ee88cb4a6,matched,Income before income taxes,CONSOLIDATED STATEMENTS OF INCOME - USD ($) $ in Millions,https://www.sec.gov/Archives/edgar/data/1652044/000165204425000014/R5.htm,,
pretax_income@FY2023,pretax_income,FY2023,85717000000.0,USD,reported,2023-01-01,2023-12-31,,,0001652044-26-000018,us-gaap:IncomeLossFromContinuingOperationsBeforeIncomeTaxesExtraordinaryItemsNoncontrollingInterest,https://www.sec.gov/Archives/edgar/data/1652044/000165204426000018/goog-20251231.htm,a017f26ee88cb4a6,matched,Income before income taxes,CONSOLIDATED STATEMENTS OF INCOME - USD ($) $ in Millions,https://www.sec.gov/Archives/edgar/data/1652044/000165204426000018/R5.htm,,
pretax_income@FY2024,pretax_income,FY2024,119815000000.0,USD,reported,2024-01-01,2024-12-31,,,0001652044-26-000018,us-gaap:IncomeLossFromContinuingOperationsBeforeIncomeTaxesExtraordinaryItemsNoncontrollingInterest,https://www.sec.gov/Archives/edgar/data/1652044/000165204426000018/goog-20251231.htm,a017f26ee88cb4a6,matched,Income before income taxes,CONSOLIDATED STATEMENTS OF INCOME - USD ($) $ in Millions,https://www.sec.gov/Archives/edgar/data/1652044/000165204426000018/R5.htm,,
pretax_income@FY2025,pretax_income,FY2025,158826000000.0,USD,reported,2025-01-01,2025-12-31,,,0001652044-26-000018,us-gaap:IncomeLossFromContinuingOperationsBeforeIncomeTaxesExtraordinaryItemsNoncontrollingInterest,https://www.sec.gov/Archives/edgar/data/1652044/000165204426000018/goog-20251231.htm,a017f26ee88cb4a6,matched,Income before income taxes,CONSOLIDATED STATEMENTS OF INCOME - USD ($) $ in Millions,https://www.sec.gov/Archives/edgar/data/1652044/000165204426000018/R5.htm,,
revenue@FY2021,revenue,FY2021,257637000000.0,USD,reported,2021-01-01,2021-12-31,,,0001652044-22-000019,us-gaap:Revenues,https://www.sec.gov/Archives/edgar/data/1652044/000165204422000019/0001652044-22-000019-index.htm,a017f26ee88cb4a6,matched,Revenues,CONSOLIDATED STATEMENTS OF INCOME - USD ($) $ in Millions,https://www.sec.gov/Archives/edgar/data/1652044/000165204422000019/R5.htm,,
revenue@FY2022,revenue,FY2022,282836000000.0,USD,reported,2022-01-01,2022-12-31,,,0001652044-25-000014,us-gaap:RevenueFromContractWithCustomerExcludingAssessedTax,https://www.sec.gov/Archives/edgar/data/1652044/000165204425000014/goog-20241231.htm,a017f26ee88cb4a6,matched,Revenues,CONSOLIDATED STATEMENTS OF INCOME - USD ($) $ in Millions,https://www.sec.gov/Archives/edgar/data/1652044/000165204425000014/R5.htm,,
revenue@FY2023,revenue,FY2023,307394000000.0,USD,reported,2023-01-01,2023-12-31,,,0001652044-26-000018,us-gaap:Revenues,https://www.sec.gov/Archives/edgar/data/1652044/000165204426000018/goog-20251231.htm,a017f26ee88cb4a6,matched,Revenues,CONSOLIDATED STATEMENTS OF INCOME - USD ($) $ in Millions,https://www.sec.gov/Archives/edgar/data/1652044/000165204426000018/R5.htm,,
revenue@FY2024,revenue,FY2024,350018000000.0,USD,reported,2024-01-01,2024-12-31,,,0001652044-26-000018,us-gaap:Revenues,https://www.sec.gov/Archives/edgar/data/1652044/000165204426000018/goog-20251231.htm,a017f26ee88cb4a6,matched,Revenues,CONSOLIDATED STATEMENTS OF INCOME - USD ($) $ in Millions,https://www.sec.gov/Archives/edgar/data/1652044/000165204426000018/R5.htm,,
revenue@FY2025,revenue,FY2025,402836000000.0,USD,reported,2025-01-01,2025-12-31,,,0001652044-26-000018,us-gaap:Revenues,https://www.sec.gov/Archives/edgar/data/1652044/000165204426000018/goog-20251231.htm,a017f26ee88cb4a6,matched,Revenues,CONSOLIDATED STATEMENTS OF INCOME - USD ($) $ in Millions,https://www.sec.gov/Archives/edgar/data/1652044/000165204426000018/R5.htm,,
revenue_cagr@FY2025,revenue_cagr,FY2025,0.11822709300933298,pure,derived,2025-01-01,2025-12-31,(revenue FY2025 / revenue FY2021)^(1/4) - 1,revenue@FY2025;revenue@FY2021,,,,,,,,,,
revenue_growth@FY2021,revenue_growth,FY2021,,pure,missing,,2021-12-31,revenue / prior revenue - 1,,,,,,,,,,Suppressed: FY2020 is not in the loaded window,
revenue_growth@FY2022,revenue_growth,FY2022,0.09780815643715779,pure,derived,2022-01-01,2022-12-31,revenue / prior revenue - 1,revenue@FY2022;revenue@FY2021,,,,,,,,,,
revenue_growth@FY2023,revenue_growth,FY2023,0.0868277022726951,pure,derived,2023-01-01,2023-12-31,revenue / prior revenue - 1,revenue@FY2023;revenue@FY2022,,,,,,,,,,
revenue_growth@FY2024,revenue_growth,FY2024,0.1386624332290156,pure,derived,2024-01-01,2024-12-31,revenue / prior revenue - 1,revenue@FY2024;revenue@FY2023,,,,,,,,,,
revenue_growth@FY2025,revenue_growth,FY2025,0.1509008108154437,pure,derived,2025-01-01,2025-12-31,revenue / prior revenue - 1,revenue@FY2025;revenue@FY2024,,,,,,,,,,
rnd@FY2021,rnd,FY2021,31562000000.0,USD,reported,2021-01-01,2021-12-31,,,0001652044-24-000022,us-gaap:ResearchAndDevelopmentExpense,https://www.sec.gov/Archives/edgar/data/1652044/000165204424000022/goog-20231231.htm,a017f26ee88cb4a6,matched,Research and development,CONSOLIDATED STATEMENTS OF INCOME - USD ($) $ in Millions,https://www.sec.gov/Archives/edgar/data/1652044/000165204424000022/R5.htm,,
rnd@FY2022,rnd,FY2022,39500000000.0,USD,reported,2022-01-01,2022-12-31,,,0001652044-25-000014,us-gaap:ResearchAndDevelopmentExpense,https://www.sec.gov/Archives/edgar/data/1652044/000165204425000014/goog-20241231.htm,a017f26ee88cb4a6,matched,Research and development,CONSOLIDATED STATEMENTS OF INCOME - USD ($) $ in Millions,https://www.sec.gov/Archives/edgar/data/1652044/000165204425000014/R5.htm,,
rnd@FY2023,rnd,FY2023,45427000000.0,USD,reported,2023-01-01,2023-12-31,,,0001652044-26-000018,us-gaap:ResearchAndDevelopmentExpense,https://www.sec.gov/Archives/edgar/data/1652044/000165204426000018/goog-20251231.htm,a017f26ee88cb4a6,matched,Research and development,CONSOLIDATED STATEMENTS OF INCOME - USD ($) $ in Millions,https://www.sec.gov/Archives/edgar/data/1652044/000165204426000018/R5.htm,,
rnd@FY2024,rnd,FY2024,49326000000.0,USD,reported,2024-01-01,2024-12-31,,,0001652044-26-000018,us-gaap:ResearchAndDevelopmentExpense,https://www.sec.gov/Archives/edgar/data/1652044/000165204426000018/goog-20251231.htm,a017f26ee88cb4a6,matched,Research and development,CONSOLIDATED STATEMENTS OF INCOME - USD ($) $ in Millions,https://www.sec.gov/Archives/edgar/data/1652044/000165204426000018/R5.htm,,
rnd@FY2025,rnd,FY2025,61087000000.0,USD,reported,2025-01-01,2025-12-31,,,0001652044-26-000018,us-gaap:ResearchAndDevelopmentExpense,https://www.sec.gov/Archives/edgar/data/1652044/000165204426000018/goog-20251231.htm,a017f26ee88cb4a6,matched,Research and development,CONSOLIDATED STATEMENTS OF INCOME - USD ($) $ in Millions,https://www.sec.gov/Archives/edgar/data/1652044/000165204426000018/R5.htm,,
rnd_intensity@FY2021,rnd_intensity,FY2021,0.12250569599863374,pure,derived,2021-01-01,2021-12-31,rnd / revenue,rnd@FY2021;revenue@FY2021,,,,,,,,,,
rnd_intensity@FY2022,rnd_intensity,FY2022,0.13965690364734334,pure,derived,2022-01-01,2022-12-31,rnd / revenue,rnd@FY2022;revenue@FY2022,,,,,,,,,,
rnd_intensity@FY2023,rnd_intensity,FY2023,0.14778102370247956,pure,derived,2023-01-01,2023-12-31,rnd / revenue,rnd@FY2023;revenue@FY2023,,,,,,,,,,
rnd_intensity@FY2024,rnd_intensity,FY2024,0.14092418104211785,pure,derived,2024-01-01,2024-12-31,rnd / revenue,rnd@FY2024;revenue@FY2024,,,,,,,,,,
rnd_intensity@FY2025,rnd_intensity,FY2025,0.15164235569810047,pure,derived,2025-01-01,2025-12-31,rnd / revenue,rnd@FY2025;revenue@FY2025,,,,,,,,,,
sbc@FY2021,sbc,FY2021,15376000000.0,USD,reported,2021-01-01,2021-12-31,,,0001652044-24-000022,us-gaap:ShareBasedCompensation,https://www.sec.gov/Archives/edgar/data/1652044/000165204424000022/goog-20231231.htm,a017f26ee88cb4a6,matched,Stock-based compensation expense,CONSOLIDATED STATEMENTS OF CASH FLOWS - USD ($) $ in Millions,https://www.sec.gov/Archives/edgar/data/1652044/000165204424000022/R9.htm,,
sbc@FY2022,sbc,FY2022,19362000000.0,USD,reported,2022-01-01,2022-12-31,,,0001652044-25-000014,us-gaap:ShareBasedCompensation,https://www.sec.gov/Archives/edgar/data/1652044/000165204425000014/goog-20241231.htm,a017f26ee88cb4a6,matched,Stock-based compensation expense,CONSOLIDATED STATEMENTS OF CASH FLOWS - USD ($) $ in Millions,https://www.sec.gov/Archives/edgar/data/1652044/000165204425000014/R9.htm,,
sbc@FY2023,sbc,FY2023,22460000000.0,USD,reported,2023-01-01,2023-12-31,,,0001652044-26-000018,us-gaap:ShareBasedCompensation,https://www.sec.gov/Archives/edgar/data/1652044/000165204426000018/goog-20251231.htm,a017f26ee88cb4a6,matched,Stock-based compensation expense,CONSOLIDATED STATEMENTS OF CASH FLOWS - USD ($) $ in Millions,https://www.sec.gov/Archives/edgar/data/1652044/000165204426000018/R10.htm,,
sbc@FY2024,sbc,FY2024,22785000000.0,USD,reported,2024-01-01,2024-12-31,,,0001652044-26-000018,us-gaap:ShareBasedCompensation,https://www.sec.gov/Archives/edgar/data/1652044/000165204426000018/goog-20251231.htm,a017f26ee88cb4a6,matched,Stock-based compensation expense,CONSOLIDATED STATEMENTS OF CASH FLOWS - USD ($) $ in Millions,https://www.sec.gov/Archives/edgar/data/1652044/000165204426000018/R10.htm,,
sbc@FY2025,sbc,FY2025,24953000000.0,USD,reported,2025-01-01,2025-12-31,,,0001652044-26-000018,us-gaap:ShareBasedCompensation,https://www.sec.gov/Archives/edgar/data/1652044/000165204426000018/goog-20251231.htm,a017f26ee88cb4a6,matched,Stock-based compensation expense,CONSOLIDATED STATEMENTS OF CASH FLOWS - USD ($) $ in Millions,https://www.sec.gov/Archives/edgar/data/1652044/000165204426000018/R10.htm,,
sbc_intensity@FY2021,sbc_intensity,FY2021,0.059680868819307786,pure,derived,2021-01-01,2021-12-31,sbc / revenue,sbc@FY2021;revenue@FY2021,,,,,,,,,,
sbc_intensity@FY2022,sbc_intensity,FY2022,0.06845663211189523,pure,derived,2022-01-01,2022-12-31,sbc / revenue,sbc@FY2022;revenue@FY2022,,,,,,,,,,
sbc_intensity@FY2023,sbc_intensity,FY2023,0.07306583732929074,pure,derived,2023-01-01,2023-12-31,sbc / revenue,sbc@FY2023;revenue@FY2023,,,,,,,,,,
sbc_intensity@FY2024,sbc_intensity,FY2024,0.065096652172174,pure,derived,2024-01-01,2024-12-31,sbc / revenue,sbc@FY2024;revenue@FY2024,,,,,,,,,,
sbc_intensity@FY2025,sbc_intensity,FY2025,0.06194332184809699,pure,derived,2025-01-01,2025-12-31,sbc / revenue,sbc@FY2025;revenue@FY2025,,,,,,,,,,
shareholder_payout@FY2021,shareholder_payout,FY2021,50274000000.0,USD,derived,2021-01-01,2021-12-31,buybacks + dividends,buybacks@FY2021;dividends@FY2021,,,,,,,,,,
shareholder_payout@FY2022,shareholder_payout,FY2022,59296000000.0,USD,derived,2022-01-01,2022-12-31,buybacks + dividends,buybacks@FY2022;dividends@FY2022,,,,,,,,,,
shareholder_payout@FY2023,shareholder_payout,FY2023,61504000000.0,USD,derived,2023-01-01,2023-12-31,buybacks + dividends,buybacks@FY2023;dividends@FY2023,,,,,,,,,,
shareholder_payout@FY2024,shareholder_payout,FY2024,69585000000.0,USD,derived,2024-01-01,2024-12-31,buybacks + dividends,buybacks@FY2024;dividends@FY2024,,,,,,,,,,
shareholder_payout@FY2025,shareholder_payout,FY2025,55758000000.0,USD,derived,2025-01-01,2025-12-31,buybacks + dividends,buybacks@FY2025;dividends@FY2025,,,,,,,,,,
shares_basic@FY2021,shares_basic,FY2021,,shares,missing,,2021-12-31,,,,,,,not-checked,,,,No annual 10-K observation under WeightedAverageNumberOfSharesOutstandingBasic,
shares_basic@FY2022,shares_basic,FY2022,13063000000.0,shares,reported,2022-01-01,2022-12-31,,,0001652044-25-000014,us-gaap:WeightedAverageNumberOfSharesOutstandingBasic,https://www.sec.gov/Archives/edgar/data/1652044/000165204425000014/goog-20241231.htm,a017f26ee88cb4a6,matched-in-notes,Number of shares used in per share computation (in shares),"Net Income Per Share - Schedule of Earnings Per Share (Details) - USD ($) $ / shares in Units, shares in Millions, $ in Millions",https://www.sec.gov/Archives/edgar/data/1652044/000165204425000014/R80.htm,,
shares_basic@FY2023,shares_basic,FY2023,12630000000.0,shares,reported,2023-01-01,2023-12-31,,,0001652044-26-000018,us-gaap:WeightedAverageNumberOfSharesOutstandingBasic,https://www.sec.gov/Archives/edgar/data/1652044/000165204426000018/goog-20251231.htm,a017f26ee88cb4a6,matched-in-notes,Number of shares used in per share computation (in shares),"Net Income Per Share - Schedule of Earnings Per Share (Details) - USD ($) $ / shares in Units, shares in Millions, $ in Millions",https://www.sec.gov/Archives/edgar/data/1652044/000165204426000018/R80.htm,,
shares_basic@FY2024,shares_basic,FY2024,12319000000.0,shares,reported,2024-01-01,2024-12-31,,,0001652044-26-000018,us-gaap:WeightedAverageNumberOfSharesOutstandingBasic,https://www.sec.gov/Archives/edgar/data/1652044/000165204426000018/goog-20251231.htm,a017f26ee88cb4a6,matched-in-notes,Number of shares used in per share computation (in shares),"Net Income Per Share - Schedule of Earnings Per Share (Details) - USD ($) $ / shares in Units, shares in Millions, $ in Millions",https://www.sec.gov/Archives/edgar/data/1652044/000165204426000018/R80.htm,,
shares_basic@FY2025,shares_basic,FY2025,12116000000.0,shares,reported,2025-01-01,2025-12-31,,,0001652044-26-000018,us-gaap:WeightedAverageNumberOfSharesOutstandingBasic,https://www.sec.gov/Archives/edgar/data/1652044/000165204426000018/goog-20251231.htm,a017f26ee88cb4a6,matched-in-notes,Number of shares used in per share computation (in shares),"Net Income Per Share - Schedule of Earnings Per Share (Details) - USD ($) $ / shares in Units, shares in Millions, $ in Millions",https://www.sec.gov/Archives/edgar/data/1652044/000165204426000018/R80.htm,,
shares_diluted@FY2021,shares_diluted,FY2021,,shares,missing,,2021-12-31,,,,,,,not-checked,,,,No annual 10-K observation under WeightedAverageNumberOfDilutedSharesOutstanding,
shares_diluted@FY2022,shares_diluted,FY2022,13159000000.0,shares,reported,2022-01-01,2022-12-31,,,0001652044-25-000014,us-gaap:WeightedAverageNumberOfDilutedSharesOutstanding,https://www.sec.gov/Archives/edgar/data/1652044/000165204425000014/goog-20241231.htm,a017f26ee88cb4a6,matched-in-notes,Number of shares used in per share computation (in shares),"Net Income Per Share - Schedule of Earnings Per Share (Details) - USD ($) $ / shares in Units, shares in Millions, $ in Millions",https://www.sec.gov/Archives/edgar/data/1652044/000165204425000014/R80.htm,,
shares_diluted@FY2023,shares_diluted,FY2023,12722000000.0,shares,reported,2023-01-01,2023-12-31,,,0001652044-26-000018,us-gaap:WeightedAverageNumberOfDilutedSharesOutstanding,https://www.sec.gov/Archives/edgar/data/1652044/000165204426000018/goog-20251231.htm,a017f26ee88cb4a6,matched-in-notes,Number of shares used in per share computation (in shares),"Net Income Per Share - Schedule of Earnings Per Share (Details) - USD ($) $ / shares in Units, shares in Millions, $ in Millions",https://www.sec.gov/Archives/edgar/data/1652044/000165204426000018/R80.htm,,
shares_diluted@FY2024,shares_diluted,FY2024,12447000000.0,shares,reported,2024-01-01,2024-12-31,,,0001652044-26-000018,us-gaap:WeightedAverageNumberOfDilutedSharesOutstanding,https://www.sec.gov/Archives/edgar/data/1652044/000165204426000018/goog-20251231.htm,a017f26ee88cb4a6,matched-in-notes,Number of shares used in per share computation (in shares),"Net Income Per Share - Schedule of Earnings Per Share (Details) - USD ($) $ / shares in Units, shares in Millions, $ in Millions",https://www.sec.gov/Archives/edgar/data/1652044/000165204426000018/R80.htm,,
shares_diluted@FY2025,shares_diluted,FY2025,12230000000.0,shares,reported,2025-01-01,2025-12-31,,,0001652044-26-000018,us-gaap:WeightedAverageNumberOfDilutedSharesOutstanding,https://www.sec.gov/Archives/edgar/data/1652044/000165204426000018/goog-20251231.htm,a017f26ee88cb4a6,matched-in-notes,Number of shares used in per share computation (in shares),"Net Income Per Share - Schedule of Earnings Per Share (Details) - USD ($) $ / shares in Units, shares in Millions, $ in Millions",https://www.sec.gov/Archives/edgar/data/1652044/000165204426000018/R80.htm,,
shares_outstanding@FY2021,shares_outstanding,FY2021,13242000000.0,shares,reported,,2021-12-31,,,0001652044-23-000016,us-gaap:CommonStockSharesOutstanding,https://www.sec.gov/Archives/edgar/data/1652044/000165204423000016/0001652044-23-000016-index.htm,a017f26ee88cb4a6,from-notes,,,,,0001652044-22-000019: 6.62121e+08 (20-for-1 stock split effective 2022-07-15)
shares_outstanding@FY2022,shares_outstanding,FY2022,12849000000.0,shares,reported,,2022-12-31,,,0001652044-24-000022,us-gaap:CommonStockSharesOutstanding,https://www.sec.gov/Archives/edgar/data/1652044/000165204424000022/goog-20231231.htm,a017f26ee88cb4a6,from-notes,,,,,
shares_outstanding@FY2023,shares_outstanding,FY2023,12460000000.0,shares,reported,,2023-12-31,,,0001652044-25-000014,us-gaap:CommonStockSharesOutstanding,https://www.sec.gov/Archives/edgar/data/1652044/000165204425000014/goog-20241231.htm,a017f26ee88cb4a6,from-notes,,,,,
shares_outstanding@FY2024,shares_outstanding,FY2024,12211000000.0,shares,reported,,2024-12-31,,,0001652044-26-000018,us-gaap:CommonStockSharesOutstanding,https://www.sec.gov/Archives/edgar/data/1652044/000165204426000018/goog-20251231.htm,a017f26ee88cb4a6,from-notes,,,,,
shares_outstanding@FY2025,shares_outstanding,FY2025,12088000000.0,shares,reported,,2025-12-31,,,0001652044-26-000018,us-gaap:CommonStockSharesOutstanding,https://www.sec.gov/Archives/edgar/data/1652044/000165204426000018/goog-20251231.htm,a017f26ee88cb4a6,from-notes,,,,,
st_investments@FY2021,st_investments,FY2021,118704000000.0,USD,reported,,2021-12-31,,,0001652044-23-000016,us-gaap:MarketableSecuritiesCurrent,https://www.sec.gov/Archives/edgar/data/1652044/000165204423000016/0001652044-23-000016-index.htm,a017f26ee88cb4a6,matched,Marketable securities,CONSOLIDATED BALANCE SHEETS - USD ($) $ in Millions,https://www.sec.gov/Archives/edgar/data/1652044/000165204423000016/R3.htm,,
st_investments@FY2022,st_investments,FY2022,91883000000.0,USD,reported,,2022-12-31,,,0001652044-24-000022,us-gaap:MarketableSecuritiesCurrent,https://www.sec.gov/Archives/edgar/data/1652044/000165204424000022/goog-20231231.htm,a017f26ee88cb4a6,matched,Marketable securities,CONSOLIDATED BALANCE SHEETS - USD ($) $ in Millions,https://www.sec.gov/Archives/edgar/data/1652044/000165204424000022/R3.htm,,
st_investments@FY2023,st_investments,FY2023,86868000000.0,USD,reported,,2023-12-31,,,0001652044-25-000014,us-gaap:MarketableSecuritiesCurrent,https://www.sec.gov/Archives/edgar/data/1652044/000165204425000014/goog-20241231.htm,a017f26ee88cb4a6,matched,Marketable securities,CONSOLIDATED BALANCE SHEETS - USD ($) $ in Millions,https://www.sec.gov/Archives/edgar/data/1652044/000165204425000014/R3.htm,,
st_investments@FY2024,st_investments,FY2024,72191000000.0,USD,reported,,2024-12-31,,,0001652044-26-000018,us-gaap:MarketableSecuritiesCurrent,https://www.sec.gov/Archives/edgar/data/1652044/000165204426000018/goog-20251231.htm,a017f26ee88cb4a6,matched,Marketable securities,CONSOLIDATED BALANCE SHEETS - USD ($) $ in Millions,https://www.sec.gov/Archives/edgar/data/1652044/000165204426000018/R3.htm,,
st_investments@FY2025,st_investments,FY2025,96135000000.0,USD,reported,,2025-12-31,,,0001652044-26-000018,us-gaap:MarketableSecuritiesCurrent,https://www.sec.gov/Archives/edgar/data/1652044/000165204426000018/goog-20251231.htm,a017f26ee88cb4a6,matched,Marketable securities,CONSOLIDATED BALANCE SHEETS - USD ($) $ in Millions,https://www.sec.gov/Archives/edgar/data/1652044/000165204426000018/R3.htm,,
total_debt@FY2021,total_debt,FY2021,14930000000.0,USD,derived,,2021-12-31,debt_and_finance_lease_noncurrent + debt_lt_current + finance_lease_liability_current + commercial_paper,debt_and_finance_lease_noncurrent@FY2021;debt_lt_current@FY2021;finance_lease_liability_current@FY2021;commercial_paper@FY2021,,,,,,,,,Policy: notes (carrying value) + finance leases + commercial paper; operating leases excluded and shown separately,
total_debt@FY2022,total_debt,FY2022,14999000000.0,USD,derived,,2022-12-31,debt_and_finance_lease_noncurrent + debt_lt_current + finance_lease_liability_current + commercial_paper,debt_and_finance_lease_noncurrent@FY2022;debt_lt_current@FY2022;finance_lease_liability_current@FY2022;commercial_paper@FY2022,,,,,,,,,Policy: notes (carrying value) + finance leases + commercial paper; operating leases excluded and shown separately,
total_debt@FY2023,total_debt,FY2023,14536000000.0,USD,derived,,2023-12-31,debt_lt_noncurrent + debt_lt_current + finance_lease_liability + commercial_paper,debt_lt_noncurrent@FY2023;debt_lt_current@FY2023;finance_lease_liability@FY2023;commercial_paper@FY2023,,,,,,,,,Policy: notes (carrying value) + finance leases + commercial paper; operating leases excluded and shown separately,
total_debt@FY2024,total_debt,FY2024,15859000000.0,USD,derived,,2024-12-31,debt_lt_noncurrent + debt_lt_current + finance_lease_liability + commercial_paper,debt_lt_noncurrent@FY2024;debt_lt_current@FY2024;finance_lease_liability@FY2024;commercial_paper@FY2024,,,,,,,,,Policy: notes (carrying value) + finance leases + commercial paper; operating leases excluded and shown separately,
total_debt@FY2025,total_debt,FY2025,51043000000.0,USD,derived,,2025-12-31,debt_lt_noncurrent + debt_lt_current + finance_lease_liability + commercial_paper,debt_lt_noncurrent@FY2025;debt_lt_current@FY2025;finance_lease_liability@FY2025;commercial_paper@FY2025,,,,,,,,,Policy: notes (carrying value) + finance leases + commercial paper; operating leases excluded and shown separately,
unvested_rsus@FY2021,unvested_rsus,FY2021,,shares,missing,,2021-12-31,,,,,,,not-checked,,,,No annual 10-K observation under ShareBasedCompensationArrangementByShareBasedPaymentAwardEquityInstrumentsOtherThanOptionsNonvestedNumber,
unvested_rsus@FY2022,unvested_rsus,FY2022,,shares,missing,,2022-12-31,,,,,,,not-checked,,,,No annual 10-K observation under ShareBasedCompensationArrangementByShareBasedPaymentAwardEquityInstrumentsOtherThanOptionsNonvestedNumber,
unvested_rsus@FY2023,unvested_rsus,FY2023,,shares,missing,,2023-12-31,,,,,,,not-checked,,,,No annual 10-K observation under ShareBasedCompensationArrangementByShareBasedPaymentAwardEquityInstrumentsOtherThanOptionsNonvestedNumber,
unvested_rsus@FY2024,unvested_rsus,FY2024,,shares,missing,,2024-12-31,,,,,,,not-checked,,,,No annual 10-K observation under ShareBasedCompensationArrangementByShareBasedPaymentAwardEquityInstrumentsOtherThanOptionsNonvestedNumber,
unvested_rsus@FY2025,unvested_rsus,FY2025,,shares,missing,,2025-12-31,,,,,,,not-checked,,,,No annual 10-K observation under ShareBasedCompensationArrangementByShareBasedPaymentAwardEquityInstrumentsOtherThanOptionsNonvestedNumber,
